,STAT5A,STAT5B,STAT4,IRF1,STAT3,RUNX1,GTF2I,IRF2,STAT1,IRF8,STAT6,APEX1,IRF4,MYOD1,ARHGAP35,IRF3,IRF5,ALX4,STAT2,IRF7,KLF4,IRF9,AHRR,AEBP1,SOX2,THAP11,IRF6,ARID1A,ADNP2,APBB1,unannotated_1
IL2,-0.00011109646,0.0005049957,0.0,0.0,0.00014479125,1.5186228e-05,0.0,0.0,0.0,0.0,0.0,0.0,0.00021172615,0.0,0.0,0.0,0.0,0.0,0.0,0.0,0.0,0.0,0.0,0.0,0.0,0.0,0.0,0.0,0.0,0.0,0.00022891606
IRF1,0.0018195888,0.009878655,0.001195539,0.0006776003,0.00034201407,0.0,0.0,0.00071872,0.0009069253,0.0012509701,-0.00067141093,0.0,-0.00023702582,0.0,0.0,0.0007220375,0.0,0.0,0.002207853,0.0,0.0,0.0,0.0,0.0,0.0,0.0,0.0,0.0,0.0,0.0,-0.0021496597
CCND1,-6.8187655e-05,-1.9653036e-05,0.0,6.0266022e-05,-0.00020931025,0.0,-8.6871376e-05,0.0,9.2991795e-05,0.0,0.0,0.0,0.0,-2.772139e-05,0.0,0.0,0.0,0.0,0.0,0.0,-9.588005e-05,0.0,0.0,0.0,-0.00014545814,-0.00014488651,0.0,0.0,0.0,0.0,0.00012179931
PRF1,0.009087703,-0.00094998814,0.00040802677,0.0,-0.0006750699,0.0,0.0,0.0,0.0006033148,0.0,0.0,0.0,0.0,0.0,0.0,0.0,0.0,0.0,0.0,0.0,0.0,0.0,0.0,0.0,0.0,0.0,0.0,0.0,0.0,0.0,0.0004457549
IFNG,0.000130027,0.0002515809,0.00040607224,-0.00014341486,-0.000108615866,0.00013602394,0.0,0.00040211863,0.00047678835,0.00036809032,-0.00017968452,0.0,0.00019000802,0.0,0.0,0.00013531653,-4.637283e-05,0.0,0.00016229204,0.0,0.0,6.6554654e-05,0.0,0.0,0.0,0.0,0.0,0.0,0.0,0.0,-0.00052531884
KRAS,0.0,0.0,0.0,0.0,0.0,0.00022567133,0.0,0.0,0.0,0.0,-0.00050593837,0.0,0.0,0.0,0.0,0.0,0.0,0.0,0.0,0.0,0.0,0.0,0.0,0.0,0.0,0.0,0.0,0.0,0.0,0.0,0.00061785674
FOS,-0.0007537983,0.0,0.0,0.0,0.00066493405,0.0007182529,0.00013625904,0.0,-0.0016182272,0.0,-0.0006773396,0.0,0.0,0.0016654388,0.0057949675,0.0,0.0,0.0,0.0,0.0,0.0,0.0,0.0,0.0,0.0,0.0,0.0,0.0,0.0,0.0,-0.0014272956
SMC3,0.0,0.0,0.0,0.0,0.0,0.0,0.0,0.00084446074,0.0,0.0,0.0,0.0,0.0,0.0,0.0,0.0,0.0,0.0,0.0,0.0,0.0,0.0,0.0,0.0,0.0,0.0,0.0,0.0,0.0,0.0,0.00054871885
IRF8,7.131907e-05,0.0,0.0,0.006687478,0.0,0.0,0.0,0.0,0.0018182952,-0.0019567101,0.0,0.0,0.0,0.0,0.0,0.0,0.00048699725,0.0,0.0,0.0,0.0,0.0,0.0,0.0,0.0,0.0,0.0,0.0,0.0,0.0,0.00026681117
IRF2,0.0,0.0,0.0,0.00027911464,0.0,0.0,0.0,-0.00069253007,-0.00055036426,0.0,0.0,0.0,0.0,0.0,0.0,0.0,0.0,0.0,0.0,0.0,0.0,0.0,0.0,0.0,0.0,0.0,0.0,0.0,0.0,0.0,-0.00021778364
BCL2,-0.0005007638,-0.00026060437,0.0,-0.00022102559,0.00048923993,0.0006582212,0.0,0.0,0.0,-0.000509537,0.0,0.0,0.0,6.9091686e-05,0.0,0.0,0.0,0.0,0.0,0.0,0.0,0.0,0.0,0.0,0.0,0.0,-9.510454e-05,0.0,0.0,0.0,0.00080403144
IFNB1,0.0,0.0,0.0,-5.83007e-12,0.0,0.0,0.0,-7.2579638e-12,-4.657889e-12,-7.422152e-12,0.0,0.0,1.0762524e-12,0.0,0.0,1.1719697e-11,1.4393502e-12,0.0,9.540391e-13,1.618022e-12,1.2119355e-12,-4.8363752e-12,0.0,0.0,0.0,0.0,0.0,0.0,0.0,0.0,1.2894044e-13
CCL4,0.0,0.0,0.0,-0.0029441125,0.0,0.0,0.0,0.0,0.0,0.0,0.0,0.0,0.0,0.0,0.0,0.0,0.0578461,0.0,0.0,0.0,0.0,0.0,0.0,0.0,0.0,0.0,0.0,0.0,0.0,0.0,-0.0028562811
SOCS3,-0.001921777,0.002464289,0.00016482038,0.0,0.0003567712,0.000109130204,0.0,0.0,0.0016779162,0.0,-5.7044625e-05,-0.0008800188,0.0,0.0,0.0,0.0,0.0,0.0,0.0,0.0,0.0,0.0,0.0,0.0,0.0,0.0,0.0,0.0,0.0,0.0,0.0013091101
CD40,0.0,0.0,0.0,0.005984048,0.0,0.0,0.0,0.0,0.0012556502,0.0,0.0007265352,0.0,0.0,0.0,0.0,0.0,0.0,0.0,0.0,0.0,0.0,0.0,0.0,0.0,0.0,0.0,0.0,0.0,0.0,0.0,-0.00045427
TNF,0.00039241984,0.0,9.479828e-06,9.890799e-05,-0.0001987183,0.0,0.0,-0.0004801861,0.00030700298,0.0005191593,0.00026987618,0.00029509777,0.0014579176,0.0,0.0,0.0001650026,0.0011584652,0.0,0.0,0.0,8.0113066e-05,0.0,0.0,-0.00011411428,0.0,0.0,0.0,0.0,0.0,0.0,-0.00078205176
IL18,-0.00011389926,0.0,0.0,-0.0002135931,0.0,0.0,0.0,0.0,0.0,0.0012644755,0.0,0.0,0.0,0.0,0.0,0.0,0.0,0.0,0.0,0.0,0.0,0.0,0.0,0.0,0.0,0.0,0.0,0.0,0.0,0.0,-0.00055250694
OSM,0.0011161424,-0.00086781115,0.0,0.0,-0.0012501508,0.0,0.0,0.0,-8.044485e-06,0.0,0.0,0.0,0.0,0.0,0.0,0.0,0.0,0.0,0.0,0.0,0.0,0.0,0.0,0.0,0.0,0.0,0.0,0.0,0.0,0.0,-0.0023809883
HSPA4,0.0,0.0,0.0,0.0013800679,-0.00046596132,0.0,0.0,0.0,0.00056294684,0.0,0.0,0.0,0.0,0.0,0.0,0.0,0.0,0.0,0.0,0.0,0.0,0.0,0.0,0.0,0.0,0.0,0.0,0.0,0.0,0.0,0.00036906806
APEX1,0.0,0.0,0.0,0.0,0.0017013816,0.0,0.0,0.0,0.0,0.0,0.0,0.0016737457,0.0,0.0,0.0,0.0,0.0,0.0,0.0,0.0,0.0,0.0,0.0,0.0,0.0,0.0,0.0,0.0,0.0,0.0,0.0017160941
HSP90AB1,0.0,0.0,0.0,0.0,0.00049714756,0.0,0.0,0.0,0.0,0.0,0.0,0.0,0.0,0.0,0.0,0.0,0.0,0.0,0.0,0.0,0.05159246,0.0,0.0,0.0,0.0,0.0,0.0,0.0,0.0,0.0,0.0017017729
IL1B,0.0,0.0,0.0,0.00010780587,-0.0008554438,0.0,0.0,0.0032457882,-0.0009689536,0.030156706,0.0,0.0,0.045170967,0.0,0.0,0.0,0.01717389,0.0,0.0,0.0,0.006050586,0.0,0.0,0.0,0.0,0.0,0.0,0.0,0.0,0.0,-0.001226531
BLK,0.0,0.0,0.0,0.0,0.0,0.00026432253,0.0,0.0,0.0,0.0,0.0,-3.5259454e-05,0.0,0.0,0.0,0.0,0.0,0.0,0.0,0.0,0.0,0.0,0.0,0.0,0.0,0.0,0.0,0.0,0.0,0.0,0.00024088379
STAT5A,1.4957227e-05,0.00010148608,0.0,0.0,3.1603675e-05,0.0,0.0,0.0,0.0,0.0,0.0,0.0,0.0,0.0,0.0,0.0,0.0,0.0,0.0,0.0,0.0,0.0,0.0,0.0,0.0,0.0,0.0,0.0,0.0,0.0,0.00087292877
IL7R,-0.008468198,0.0,0.0,0.0,0.0,-0.0001786109,0.0,0.0,0.0,0.0,0.0,0.0,0.0,0.0,0.0,0.0,0.0,0.0,0.0,0.0,0.0,0.0,0.0,0.0,0.0,0.0,0.0,0.0,0.0,0.0,0.01181301
JUNB,0.0,0.0,0.0,0.0,-0.0042906078,0.0,0.0,0.0,0.0,0.0,0.0,0.0,0.0,0.0,0.0,0.0,0.0,0.0,0.0,0.0,0.0,0.0,0.0,0.0,0.0,0.0,0.0,0.0,0.0,0.0,-0.0073310197
SLPI,-0.00014235619,-4.853477e-05,0.0,1.2445159e-05,-0.00032910114,0.0,0.0,0.0,-7.2241004e-05,0.0,0.0,0.0,0.0,0.0,0.0,0.0,0.0,0.0,0.0,0.0,0.0,0.0,0.0,0.0,0.0,0.0,0.0,0.0,0.0,0.0,0.0001268263
CDKN1C,0.0,0.0,0.0,0.0,0.0,-0.00021779288,0.0,0.0,0.0,0.0,0.0,0.0,0.0,-0.00034930394,0.0,0.0,0.0,0.0,0.0,0.0,-0.00013856664,0.0,0.0,0.0,0.0,0.0,0.0,0.0,0.0,0.0,-0.0009251108
CAMK4,0.0,0.0,0.0,-0.003162241,0.0,0.0,0.0,0.0008561843,0.0,0.0,0.0,0.0,0.0,0.0,0.0,0.0,0.0,0.0,0.0,0.0,0.0,0.0,0.0,0.0,0.0,0.0,0.0,0.0,0.0,0.0,0.001535339
LGALS3,0.0,0.0,0.0,0.010549402,0.0,-0.0075180056,0.0,0.023486331,-0.0065734973,0.0,0.0,0.0,0.0,0.0,0.0,0.0,0.0,0.0,0.0,0.0,0.0,0.0,0.0,0.0,0.0,0.0,0.0,0.0,0.0,0.0,-0.020252826
IL6,-0.00044310777,0.0,0.0,0.00026619202,-0.00013291083,0.0,0.0,-0.00016675789,-0.0003645236,0.0,0.0,-0.00017549956,0.00034707662,0.0,0.0,-2.3365292e-05,0.0004679448,0.0,0.0001969751,0.0,0.0013524351,0.0,0.0,0.0,0.0,0.0,0.0,0.0,0.0,0.0,-0.00056732923
STAT5B,-0.0007666598,0.00026205732,0.0,0.0,0.0,0.0,0.0,0.0,0.0,0.0,0.0,0.0,0.0,0.0,0.0,0.0,0.0,0.0,0.0,0.0,0.0,0.0,0.0,0.0,0.0,0.0,0.0,0.0,0.0,0.0,8.988288e-05
MAFB,0.0,0.0,0.0,0.0,-0.0018531193,0.0,0.0,0.0,0.0,0.0,0.0,0.0,0.0,0.009819794,0.0,0.0,0.0,0.0,0.0,0.0,0.0,0.0,0.0,0.0,0.0,0.0,0.0,0.0,0.0,0.0,-0.008001982
STAT3,-0.0011577059,0.0,0.0,0.0,0.001040866,0.0,0.0,0.0,0.0010651331,0.0,0.0,0.0,0.0,0.0,0.0,0.0,0.0,0.0,0.0,0.0,0.0,0.0,0.0,0.0,0.0,0.0,0.0,0.0,0.0,0.0,0.0005649413
CD19,0.0,0.0,0.0,0.0,0.0,0.0,0.0,0.0,0.0,0.0,0.0,-8.643097e-05,0.0,0.0,0.0,0.0,0.0,0.0,0.0,0.0,0.0,0.0,0.0,0.0,0.0,0.0,0.0,0.0,0.0,0.0,0.00071647624
MYC,-0.0018263428,0.0,0.001854546,0.0,0.0014976233,0.0017935844,0.0,0.0,0.0,0.0,0.0,0.0,0.0,0.0,0.0,0.0,0.0,0.0,0.0,0.0,0.00387603,0.0,0.021789953,0.0,0.0,0.019416992,0.0,0.0,0.0,0.0,0.0016630448
FCER1G,0.0,0.0,0.0,0.0,0.0,0.0,0.0,0.0,0.0,0.0,0.035491984,0.0,0.0,0.0,0.0,0.0,0.0,0.0,0.0,0.0,0.0,0.0,0.0,0.0,0.0,0.0,0.0,0.0,0.0,0.0,-0.03948925
CCL5,0.0,0.0,0.0,-0.003656211,0.0014283151,0.0,0.0,0.00067686604,0.0037913434,0.014661494,0.0,0.0,0.0,0.0,0.0,0.014400961,0.01726279,0.0,0.0,0.04581935,0.0,0.0,0.0,0.0,0.0,0.0,0.038749717,0.0,0.0,0.0,0.0045385323
FASLG,0.0,0.0,0.0,-0.00086745573,0.00023435938,0.0,0.0,0.0011304503,0.0008488985,0.0,0.0,0.0,0.0,0.0,0.0,0.0,0.0,0.0,0.0,0.0,0.0,0.0,0.0,0.0,0.0,0.0,0.0,0.0,0.0,0.0,0.00056786335
MAPK8,-0.00022054967,0.0,0.0,0.0004294109,0.0002750182,0.0,0.0,0.0,0.0,0.0,0.0,0.0,0.0,0.0,0.0,0.0,0.0,0.0,0.0,0.0,0.00046192357,0.0,0.0,0.0,0.0,0.0,0.0,0.0,0.0,0.0,0.00038449152
MYB,0.0,0.0,0.0,-9.9746e-05,-9.078765e-05,0.0,0.0,0.0,0.0,0.0,0.0,0.0,0.0,0.0,0.0,0.0,0.0,0.0,0.0,0.0,0.0,0.0,0.0,0.0,0.0,0.0,0.0,0.0,0.0,0.0,0.0002797646
BIRC3,0.0,0.0,0.0,0.007359898,0.0055920053,0.0,0.0,0.0,0.0,0.0,0.0,0.0,0.0,0.0,0.0,0.0,0.0,0.0,0.0,0.0,0.022061229,0.0,0.0,0.0,0.0,0.0,0.0,0.0,0.0,0.0,0.01056643
CD86,0.0,0.0,0.0,0.0,0.0,0.0,0.0,0.0,-0.0037409929,0.0,0.002343006,0.0,0.0,0.0,0.0,0.0,0.0,0.0,0.0,0.0,-4.870306e-05,0.0,0.0,0.0,0.0,0.0,0.0,0.0,0.0,0.0,-0.008556032
CDKN2D,0.0,0.0,0.0,0.0,0.00044240354,0.0,0.0,0.0,0.0,0.0,0.0,0.0,0.0,0.0,0.0,0.0,0.0,0.0,0.0,0.0,0.0,0.0,0.0,0.0,0.0,0.0,0.0,0.0,0.0,0.0,0.00056280865
SOCS1,0.0003642867,0.0,0.0,-0.0018637681,0.001543286,0.0,0.0,0.0,0.003308098,0.0,-5.4340995e-05,0.0,0.0,0.0,0.0,0.0,0.0,0.0,0.0,0.0,0.0,0.0,0.0,0.0,0.0,0.0,0.0,0.0,0.0,0.0,0.0032754254
MMP9,0.0,0.0,0.0,0.0008083135,6.260636e-05,0.0,0.0,0.0,0.0003113043,0.0,0.0,0.0,0.0,0.0,0.0,0.0,0.0,0.0,0.0,0.0,0.0,0.0,0.0,0.0,0.0,0.0,0.0,0.0,0.0,0.0,-0.00046596964
CDK4,0.0,0.0,0.0,0.0007248083,0.00080531725,0.0008954904,0.0,0.0,0.0,0.0,0.0,0.0,0.0,0.0,0.0,-0.00042493764,0.0,0.0,0.0,0.0,0.0020715066,0.0,0.0,0.0,0.0,0.0,0.0,0.0,0.0,0.0,0.0009958334
CDKN2A,0.0,0.0,0.0,0.0,0.0,5.4691984e-05,0.0,0.0,0.0,0.0,-8.0340564e-05,0.0,0.0,0.0,0.0,0.0,0.0,0.0,0.0,0.0,0.0,0.0,0.0,0.0,0.0,0.0,1.1709531e-05,0.0,0.0,0.0,2.2508908e-05
CEBPD,0.0,0.0,0.0,0.0,-0.001426842,0.0,0.0,0.0,-0.0014967492,0.0,0.0,0.0,0.0,0.0,0.0,0.0,0.0,0.0,0.0,0.0,0.0,0.0,0.0,0.0,0.0,0.0,0.0,0.0,0.0,0.0,-0.0020910744
SH2D1A,0.0,0.0,0.0,0.0,0.0010311774,0.0,0.0,0.0,0.0,0.0,0.0,0.0,0.0,0.0,0.0,0.0,0.0,0.0,0.0,0.0,0.0,0.0,0.0,0.0,0.0,0.0,0.0,0.0,0.0,0.0,0.0020293244
IL10,0.0023201692,0.00065575936,-0.0009275683,-0.0006461789,0.00078725314,-0.0002148042,0.0,-4.8939324e-05,0.00065699575,0.0009780678,0.0015572062,0.0,-0.00018132971,0.0,0.0,0.0,0.002465908,0.0,0.0,0.0,0.0007887512,0.0,0.0,0.0,0.0,0.0,0.0,0.0052286573,0.0,0.0,4.9808335e-05
CDKN1B,0.0,2.0766398e-05,0.0,0.0,0.00094233814,0.00014889808,0.0,0.0,0.00024701178,0.0,0.0003147708,0.0,-0.0015294462,0.0,0.0,0.0,0.0,0.0,0.0,0.0,0.00064233306,0.0009309448,0.0,0.0,0.00070712593,0.0,0.0,0.0,0.0,0.0,0.0010916258
PIK3R1,0.00031564297,0.0,-0.00055450527,0.0,0.0005574195,0.0,0.0,0.0,0.0017720053,0.0,0.0,0.0,0.0,3.0216203e-05,0.0,0.0,0.0,0.0,0.0,0.0,0.0,0.0,0.0,0.0,0.0,0.0,0.0,0.0,0.0,0.0,0.003279768
ACTB,0.0,0.0,0.0,0.0,0.0,0.0,0.0,0.0,0.0,0.0,0.0,-0.020749435,0.0,0.0069727986,0.0,0.0,0.0,0.0,0.0,0.0,0.0,0.0,0.0,0.0,0.0,0.0,0.0,0.0,0.0,0.0,0.00081653224
CCND2,-6.101981e-05,0.0005374642,0.0,0.0,-0.00015621488,-8.180456e-05,0.0015653351,0.0,0.0,0.0,0.0,0.0,0.0,0.0,0.0,0.0,0.0,0.0,0.0,0.0,0.0014472131,0.0002669313,0.0,0.0,0.0,0.0,0.0,0.0,0.0,0.0,0.00016427331
MSR1,0.0,0.0,0.0,0.0,0.0,0.0,0.0,0.0,-0.0005793009,0.0,0.0,0.0,0.0,0.0,0.0,0.0,0.0,0.0,0.0015352052,0.0,0.0,0.0,0.0,0.0,0.0,0.0,0.0,0.0,0.0,0.0,-0.0011481086
LCK,0.0,0.0,0.0,-0.009621561,0.0,0.0,0.0,0.0,0.0,0.0,0.0,0.0,0.0,0.0,0.0,0.0,0.0,0.0,0.0,0.0,0.0,0.0,0.0,0.0,0.0,0.0,0.0,0.0,0.0,0.0,0.011114137
ACAT1,0.0,0.0,0.0,0.0,0.0,0.0,0.0,0.0,0.0005088894,0.0,0.0,0.0,0.0,0.0,0.0,0.0,0.0,0.0,0.0,0.0,0.0,0.0,0.0,0.0,0.0,0.0,0.0,0.0,0.0,0.0,8.8814995e-05
ACP5,0.0,0.0,0.0,0.0,0.0,0.0,0.0,0.0,0.0,0.0,0.0,0.0,0.0004978705,0.0,0.0,0.0,0.0,0.0,0.0,0.0,0.0,0.0,0.0,0.0,0.0,0.0,0.0,0.0,0.0,0.0,-0.0058126454
TNFSF11,-0.00016042782,0.0,0.0,0.0,-7.1896648e-06,0.0,0.0,0.0,-1.7211916e-05,0.0001620677,-0.00049167225,0.0,0.00018303124,0.0,0.0,0.0,0.0,0.0,0.0,0.0,0.0,0.0,0.0,0.0,0.0,0.0,0.0,0.0,0.0,0.0,-0.00015128937
SHC1,-0.0004148853,0.0,0.0,0.0,0.0,0.0,0.0,0.0,0.0,0.0,0.0,0.0,0.0,0.0,0.0,0.0,0.0,0.0,0.0,0.0,0.0,0.0,0.0,0.0,0.0,0.0,0.0,0.0,0.0,0.0,-0.00033978774
PPIG,0.0,0.0042579733,0.0,0.0,0.0,0.0,0.0,0.0,0.0,0.0,0.0,0.0,0.0,0.0,0.0,0.0,0.0,0.0,0.0,0.0,0.0,0.0,0.0,0.0,0.0,0.0,0.0,0.0,0.0,0.0,0.0018540556
NCAM1,0.0,0.0,0.0,0.0,0.0,5.0615956e-05,0.0,0.0,0.0,0.0,0.0,0.0,0.0,0.0,0.0,0.0,0.0,-4.3376775e-05,0.0,0.0,0.0,1.8680003e-06,0.0,0.0,8.805486e-06,0.0,0.0,0.0,0.0,0.0,-1.0178949e-06
CTNND1,0.0,0.0,0.0,-5.8336747e-05,0.0,0.0,0.0,0.0,0.0,0.0,0.0,0.0,0.0,0.0,0.0,0.0,0.0,0.0,0.0,0.0,0.0,0.0,0.0,0.0,0.0,0.0,0.0,0.0,0.0,0.0,-0.0007262508
CBL,0.0,0.0,0.0,0.0,0.0,0.0,0.0,0.0,0.0,0.0,0.0,0.0,0.0,0.0,0.0,0.0,0.0,0.0,0.0003210727,0.0,0.0,0.0,0.0,0.0,0.0,0.0,0.0,0.0,0.0,0.0,-0.0006706066
CISH,0.0001502512,-0.0001684541,0.0,0.0,0.00010987856,0.0,2.682865e-05,0.0,0.0,0.0,-0.00039461456,0.0,0.0,0.0,0.0,6.70567e-05,0.0,0.0,0.0,0.0,0.0,0.0,0.0,0.0,0.0,0.0,0.0,0.0,0.0,0.0,-0.0005087138
LYZ,0.0,0.0,0.0,0.02353503,0.0,0.013396611,0.0,0.0,0.0,0.0,0.0,0.0,0.0,0.0,0.0,0.0,0.0,0.0,0.0,0.0,0.0,0.0,0.0,0.0,0.0,0.0,0.0,0.0,0.0,0.0,-0.025457958
JUN,0.0,0.014743971,0.0,-0.002087141,0.0,-0.00028811925,0.0,0.0,0.0029664184,0.0,0.0,0.0,0.0,0.0013306288,0.0,0.0,0.0,0.0,-0.0019387901,0.0,0.0,0.0,0.0,0.0,0.0,0.0,0.0,0.0,0.0,0.0,0.0022304486
IFI27,0.0,0.0,0.0,0.0,0.0,0.0,0.0,-0.001310921,-0.0018727802,0.0,0.0,0.0,0.0,0.0,0.0,0.0,0.0,0.0,0.0,0.0,0.0,0.0,0.0,0.0,0.0,0.0,0.0,0.0,0.0,0.0,-0.0008150411
PTPN2,-0.0015638738,0.0,0.0,0.0,0.0007540798,0.0,0.0,0.0,0.0,0.0,0.0,0.0,0.0,0.0,0.0,0.0,0.0,0.0,0.0,0.0,0.0,0.0,0.0,0.0,0.0,0.0,0.0,0.0,0.0,0.0,0.00066229876
SPI1,0.0,0.0,0.0,0.0,-0.003972717,0.0013237193,0.0,0.0,0.0,0.029720375,0.0,0.0,0.010457133,0.0,0.0,0.0,0.0,0.0,0.0,0.0,0.0,0.0,0.0,0.0,0.0,0.0,0.0,0.0,0.0,0.0,-0.015844095
HBG1,0.0,0.0,0.0,0.0,0.0003541804,0.0,0.0,0.0,0.0,0.0,0.0,0.0,0.0,0.0,0.0,0.0,0.0,0.0,0.0,0.0,0.0,0.0,0.0,0.0,0.0,0.0,0.0,0.0,0.0,0.0,-0.00011963672
ECE1,0.0,0.0,0.0,0.0,-0.00040358125,0.0,0.0,0.0,0.0,0.0,0.0,0.0,0.0,0.0,0.0,0.0,0.0,0.0,0.0,0.0,0.0,0.0,0.0,0.0,0.0,0.0,0.0,0.0,0.0,0.0,-0.0002911543
IRF7,0.0,0.0,0.0,0.0,0.0,0.0,0.0,0.0,-0.0013836309,0.0,0.0,0.0,0.0,0.0,0.0,0.004640787,0.0,0.0,0.006671491,0.0,0.0,0.0081442455,0.0,0.0,0.0,0.0,0.0,0.0,0.0,0.0,-0.0051430915
CCL2,0.04492822,0.0,0.0,-0.0023226019,-0.0030487902,0.0,0.0,0.0,0.0050872243,0.0,0.02143814,-0.0019300042,0.0,0.0,0.0,0.04827355,0.035100635,0.0,0.009971006,0.013777127,0.0112775965,0.0,0.0,0.0,0.0,0.0,0.0,0.0,0.0,0.0,-0.0004596278
MMP7,0.0,0.0,0.0,0.0,-7.690351e-05,0.0,0.0,0.0,-0.00024278907,0.0,0.0,0.0,0.0,0.0,0.0,0.0,0.0,0.0,0.0,0.0,0.0,0.0,0.0,0.0,0.0,0.0,0.0,0.0,0.0,0.0,3.9226095e-05
IFIT1,0.0,0.0,0.0,0.0,0.0,0.0,0.0,0.0,0.0005156623,0.0,0.0,0.0,0.0,0.0,0.0,0.0028244131,0.0,0.0,0.0,0.0,0.0,0.006275465,0.0,0.0,0.0,0.0,0.0,0.0,0.0,0.0,0.00027394044
OSGEP,0.0,0.0,0.0,0.0,0.0,0.0,0.0,0.0,0.0,0.0,0.0,-0.00025781727,0.0,0.0,0.0,0.0,0.0,0.0,0.0,0.0,0.0,0.0,0.0,0.0,0.0,0.0,0.0,0.0,0.0,0.0,0.00050387124
FCER2,0.0,0.0,0.0,0.0,0.0,0.0,0.0,0.0,0.0,0.0,-0.0002713894,0.0,-0.00034484817,0.0,0.0,0.0,0.0,0.0,0.0,0.0,0.0,0.0,0.0,0.0,0.0,0.0,0.0,0.0,0.0,0.0,0.00034950423
ID3,0.0,0.0,0.0,0.0,0.0,0.0,0.0,0.0,0.0,0.0,0.0,0.0,0.0,0.0,0.0,0.0,0.0,0.0,0.0,0.0,0.0076627345,0.0,0.0,0.0,0.0,0.0,0.0,0.0,0.0,0.0,0.0029032903
NPTX1,0.0,0.0,0.0,0.0,0.0,0.0,0.0,0.0,0.0,0.0,0.0,0.0,0.0,0.00015348036,0.0,0.0,0.0,0.0,0.0,0.0,0.0,0.0,0.0,0.0,0.0,0.0,0.0,0.0,0.0,0.0,0.00041116023
ACACA,-0.00019773345,0.0,0.0,0.0,-8.1429804e-05,0.0,0.0,0.0,0.0,0.0,0.0,0.0,0.0,0.0,0.0,0.0,0.0,0.0,0.0,0.0,0.0,0.0,0.0,0.0,0.0,0.0,0.0,0.0,0.0,0.0,2.4404198e-05
NF1,-7.456788e-05,0.0,0.0,0.0,0.0,0.00046683344,0.0,-7.9932994e-05,0.0,0.00095618673,0.0,0.0,0.0,-6.255538e-05,0.0,0.0,0.0,0.0,0.0,0.0,0.0,0.0,0.0,0.0,0.0,0.0,0.0,0.0,0.0,0.0,0.00031268573
ODC1,0.0,0.0,0.0,0.0021353238,0.0,0.0,0.0,0.0,0.0,0.0,0.0,0.0,0.0,0.0,0.0,0.0,0.0,0.0,0.0,0.0,0.0035330672,0.0,0.0,0.0,0.0,0.0026259434,0.0,0.0,0.0,0.0,0.0016392376
CCNB1,0.0,0.0,0.0,0.00033443177,0.0,0.0,0.0,0.0,0.0,0.0,0.0,0.0,-6.0519855e-05,-7.975185e-05,0.0,0.0,0.0,0.0,0.0,0.0,-9.5127885e-05,0.0,0.0,0.0,0.0,0.0,0.0,0.0,0.0,0.0,0.00010218035
CXCL9,2.8763421e-05,6.746805e-05,0.0,0.0,-0.00021829212,0.0,0.0,0.0,0.0001463119,-6.4171118e-06,-1.3354083e-05,0.0,-1.37586e-05,0.0,0.0,0.0,0.0,0.0,0.0,0.0,0.0,0.0,0.0,0.0,0.0,0.0,0.0,0.0,0.0,0.0,-2.8368493e-05
CTSB,0.0,0.0,0.0,0.0,0.0,0.0,0.0,0.0,-0.006393373,0.0,0.0,0.0,0.0,0.011625886,0.0,0.0,0.0,0.0,0.0,0.0,0.0,0.0,0.0,0.0,0.0,0.0,0.0,0.0,0.0,0.0,-0.011523001
CCL3,0.0,0.0,0.0,0.0,0.0,-0.002132228,0.0,0.0,-0.0025695548,0.0,0.0,0.0,0.05300055,0.0,0.0,0.014015493,0.048601985,0.0,0.0,-0.000120227414,0.0,0.0,0.0,0.0,0.0,0.0,0.0,0.0,0.0,0.0,-0.004586727
RETNLB,0.0,0.0,0.0,0.0,0.0,0.0,0.0,0.0,0.0,0.0,7.063095e-06,0.0,0.0,0.0,0.0,0.0,0.0,0.0,0.0,0.0,0.0,0.0,0.0,0.0,0.0,0.0,0.0,0.0,0.0,0.0,3.263334e-05
HBB,0.00049866544,0.0,0.0,0.0,0.0,0.0,-0.0020391794,0.0,0.0,0.0,0.0,0.0,0.0,0.0,0.0,0.0,0.0,0.0,0.0,0.0,0.0,0.0,0.0,0.0,0.0,0.0,0.0,0.0,0.0075730123,0.0,0.0019896168
ISG15,0.0,0.0,0.0,0.0,0.0,0.0,0.0,0.0,-0.0007355252,0.0,0.0,0.0,0.0,0.0,0.0,0.01399116,0.0,0.0,0.0,0.020111036,0.0,0.0,0.0,0.0,0.0,0.0,0.0,0.0,0.0,0.0,-0.003805691
S100A10,0.0,0.0,0.0,0.0,0.0,0.0,0.0,0.0,-0.016425109,0.0,0.0,0.0,0.0,0.0,0.0,0.0,0.0,0.0,0.0,0.0,0.0,0.0,0.0,0.0,0.0,0.0,0.0,0.0,0.0,0.0,-0.024852885
DPAGT1,-0.00015167978,7.706694e-06,0.0,0.0,0.0,0.0,0.0,0.0,0.0,0.0,0.0,0.0,0.0,0.0,0.0,0.0,0.0,0.0,0.0,0.0,0.0,0.0,0.0,0.0,0.0,0.0,0.0,0.0,0.0,0.0,0.0012853205
CD68,0.0,0.0,0.0,0.0,0.0,0.0,0.0,0.0,0.0,0.035148453,0.0,0.0,0.013532365,0.0,0.0,0.0,0.0,0.0,0.0,0.0,0.0,0.0,0.0,0.0,0.0,0.0,0.0,0.0,0.0,0.0,-0.017715957
DLL1,0.0002731254,0.0,0.0,0.0,0.0,0.0,0.0,0.0,0.0,0.0,0.0,0.0,0.0,-5.5514094e-05,0.0,0.0,0.0,0.0,0.0,0.0,0.0,0.0,0.0,0.0,0.0,0.0,0.0,0.0,0.0,0.0,-0.0002525113
EBF1,-9.621958e-05,0.0,0.0,0.0,0.0,0.0,0.0,0.0,0.0,0.0,0.0,0.0,0.0,0.0,0.0,0.0,0.0,0.0,0.0,0.0,0.0,0.0,0.0,0.0,0.0,0.0,0.0,0.0,0.0,0.0,0.0002854653
PAX5,9.3558476e-05,0.00015436564,0.0,0.0,0.0,0.0,0.0,0.0,0.0,0.0,0.0,0.0,0.0,0.0,0.0,0.0,0.0,0.0,0.0,0.0,0.0,0.0,0.0,0.0,0.0,0.0,0.0,0.0,0.0,0.0,0.00016862464
NQO1,0.0,0.0,0.0,0.0,0.0,0.0,0.0,0.0,0.0,0.0,0.0,-0.00130016,0.0,0.0,0.0,0.0,0.0,0.0,0.0,0.0,0.0,0.0,0.0,0.0,0.0,0.0,0.0,0.0,0.0,0.0,-0.0018140987
IFIT2,0.0,0.0,0.0,0.0,0.0,0.0,0.0,0.0,-0.0008248909,0.0,0.0,0.0,0.0,0.0,0.0,0.0017367422,0.0,0.0,0.0027939645,0.0,0.0,0.0,0.0,0.0,0.0,0.0,0.0,0.0,0.0,0.0,-0.00019801648
GATA3,0.0,0.0,0.0,0.0,0.0,0.00047130854,0.0,0.0,0.0011856254,0.0,-0.00058098603,0.0,0.0,0.0,0.0,0.0,0.0,0.0,0.0,0.0,0.0,0.0,0.0,0.0,0.0,0.0,0.0,0.0,0.0,0.0,0.0016308122
GAS1,-9.296171e-07,0.0,0.0,0.0,0.0,0.0,0.0,0.0,0.0,0.0,0.0,0.0,0.0,0.0,0.0,0.0,0.0,0.0,0.0,0.0,0.0,0.0,0.0,0.0,0.0,0.0,0.0,0.0,0.0,0.0,-7.163577e-05
SLC19A2,0.0,0.0,0.0,0.0,0.0,0.0,0.0,0.0,0.0,0.0,0.0,0.0,0.0,0.0,0.0,0.0,0.0,0.0,0.0,0.0,0.00026106922,0.0,0.0,0.0,0.0,0.0,0.0,0.0,0.0,0.0,9.085097e-06
EIF2AK2,0.0,0.0,0.0,2.5818077e-05,0.0,0.0,0.0,0.0,0.0005878293,0.0,0.0,0.0,0.0,0.0,0.0,0.0,0.0,0.0,-0.00052270095,0.0,0.0,0.0,0.0,0.0,0.0,0.0,0.0,0.0,0.0,0.0,0.0008938966
DMD,0.0,0.0,0.0,0.0,0.0,0.0,0.0,0.0,0.0,0.0,0.0,0.0,0.0,-0.00017892117,0.0,0.0,0.0,0.0,0.0,0.0,0.0,0.0,0.0,0.0,0.0,0.0,0.0,0.0,0.0,0.0,0.00042993826
DNASE1,0.0,0.0,0.0,0.0,0.0,0.0,0.0,0.0,0.0,0.0,0.0,0.0,0.0,-5.835924e-05,0.0,0.0,0.0,0.0,0.0,0.0,0.0,0.0,0.0,0.0,0.0,0.0,0.0,0.0,0.0,0.0,3.4588076e-05
PRKCA,0.0,0.0,0.0,0.0,0.0,0.0,0.0,-1.5866599e-05,0.0,0.0,0.0,0.0,0.0,0.0,0.0,-0.00017457941,0.0,0.0,0.0,0.0,0.0,0.0,0.0,0.0,0.0,0.0,0.0,0.0,0.0,0.0,0.000592664
MDM2,0.0,0.0,0.0,0.0,0.0,0.0,0.0,0.0,-0.0009636637,-0.00037249742,0.0,0.0,0.0,0.0,0.0,0.0,0.0,0.0,0.0,0.0,0.0,0.0,0.0,0.0,0.0,0.0,0.0,0.0,0.0,0.0,-0.0006276061
FAS,0.0,0.0,0.0,0.0,-0.00037696608,0.0,0.0,0.0,7.516284e-05,-0.0007112571,0.0,0.0,0.0,0.0,0.0,0.0,0.0,0.0,0.0,0.0,0.0,0.0,0.0,0.0,0.0,0.0,0.0,0.0,0.0,0.0,0.00016089795
CA2,0.0,0.0,0.0,0.0,0.0,0.0,0.0,0.0,0.0,0.0,0.0,-0.00022522369,0.0,0.0,0.0,0.0,0.0,0.0,0.0,0.0,0.0,0.0,0.0,0.0,0.0,0.0,0.0,0.0,0.0,0.0,-0.0034150202
IL2RA,-0.00045020942,0.0005599639,-4.3368287e-05,0.00023656935,0.00036540706,0.0005407684,0.0,0.0,0.000110565124,0.0,0.0,0.0,0.0,0.0,0.0,0.0,0.0,0.0,0.0,0.0,0.0,0.0,0.0,0.0,0.0,0.0,0.0,0.0,0.0,0.0,-0.00029848813
HDC,0.0,0.0,0.0,0.0,0.0,0.0,0.0,0.0,0.0,0.0,0.0,0.0,0.0,0.0,0.0,0.0,0.0,0.0,0.0,0.0,-2.8259936e-05,0.0,0.0,0.0,0.0,0.0,0.0,0.0,0.0,0.0,4.5734352e-05
PIM1,-0.0008323764,0.0,-0.00047833938,0.0,0.001200936,0.0,0.0,0.0,0.00181437,0.0,0.0,0.0,0.0,0.0,0.0,0.0,0.0,0.0,0.0,0.0,0.0,0.0,0.0,0.0,0.0,0.0,0.0,0.0,0.0,0.0,0.0026239634
SPP1,0.0,0.0,0.0,0.0,0.0,-0.00074278394,0.0,0.0,0.0,0.0,0.0,0.0,0.0,0.0,0.0,0.0,0.00069449825,0.0,0.0,0.0,0.0,0.0,0.0,0.0,-0.0005205005,0.0,0.0,0.0,0.0,0.0,1.1304068e-05
CCND3,0.00024237092,0.0,0.0,0.0,0.00056134886,0.00013639791,-0.0013272642,0.0,0.0,0.0,0.0,0.0,0.0,-6.101546e-05,0.0,0.0,0.0,0.0,0.0,0.0,0.0,0.0,0.0,0.0,0.0,0.0,0.0,0.0,0.0,0.0,0.0014454771
TRH,0.0,0.0,0.0,0.0,-0.0005783976,0.0,0.0,0.0,0.0,0.0,0.0,0.0,0.0,0.0,0.0,0.0,0.0,0.0,0.0,0.0,0.00010188085,0.0,0.0,0.0,0.0,0.0,0.0,0.0,0.0,0.0,-0.00051600963
LAT,0.0,0.0,0.0,0.0,0.0,0.0,0.0,0.0,0.004398504,0.0,0.0,0.0,0.0,0.0,0.0,0.0,0.0,0.0,0.0,0.0,0.0,0.0,0.0,0.0,0.0,0.0,0.0,0.0,0.0,0.0,0.007795587
CASP8,0.0,0.0,0.0,-0.0014590975,0.0,0.0,0.0,-0.00031040702,0.00055808097,0.0,0.0,0.0,0.0,0.0,0.0,0.0,0.0,0.0,0.0,0.0,0.0,0.0,0.0,0.0,0.0,0.0,0.0,0.0,0.0,0.0,0.0013408121
ERAP1,0.0,0.0,0.0,0.0,0.0,0.0005165288,0.0,0.0,0.0,0.0,0.0,0.0,0.0,0.0,0.0,0.0,0.0,0.0,0.0,0.0,0.0,0.0,0.0,0.0,0.0,0.0,0.0,0.0,0.0,0.0,-0.0005996609
PLAUR,0.0,0.0,0.0,0.0,0.0,0.0,0.0,0.0,0.0,0.0,0.0,0.0,0.0,0.0,0.0,0.0,0.0,0.0,0.0,0.0,0.0060141496,0.0,0.0,0.0,0.0,0.0,0.0,0.0,0.0,0.0,-0.03419429
CD8A,0.0018477023,0.0,-0.00041591414,0.0,0.0,-0.0012645497,0.0,0.0,0.0,0.0,0.0,0.0,0.0,0.0,0.0,0.0,0.0,0.0,0.0,0.0,0.0,0.0,0.0,0.0,0.0,0.0,0.0,0.0,0.0,0.0,0.0019333658
TIMP1,0.0,0.0,0.0,0.0,-0.014756188,0.007088402,0.0,0.0,-0.0033749857,0.0,0.0,0.0,0.0,0.0,0.0,0.0,0.0,0.0,0.0,0.0,0.0,0.0,0.0,0.0,0.0,0.0,0.0,0.0,0.0,0.0,-0.033993937
HHEX,0.0,0.0,0.0,0.0,0.0,0.00012111381,0.0,0.0,0.0,0.0,0.0,0.00018467456,0.0,0.0,0.0,0.0,0.0,0.0,0.0,0.0,0.0,0.0,0.0,0.0,0.0,0.0,0.0,0.0,0.0,0.0,-0.0004821672
CSF2,0.00065766554,0.00053688994,0.0004900539,0.0,0.0,-6.429391e-05,0.0,0.0,0.0,0.0,0.0,0.0,0.0,0.0,0.0,0.0,0.0,0.0,0.0,0.0,0.0,0.0,0.0,0.0,0.0,0.0,0.0,0.0,0.0,0.0,-2.6141977e-05
ABCC2,0.0,0.0,0.0,0.0,0.0,0.0,0.0,0.0,0.0,0.0,0.0,0.0,0.0,0.0,0.0,-4.5164306e-05,0.0,0.0,0.0,0.0,0.0,0.0,0.0,0.0,0.0,0.0,0.0,0.0,0.0,0.0,0.00010005997
IL1RN,0.0,0.0,0.0,0.0,0.0005578213,0.0,0.0,0.0,0.0,0.0,0.00054888113,0.0,0.0,0.0,0.0,0.0,0.0,0.0,0.0,0.0,0.0,0.0,0.0,0.0,0.0,0.0,0.0,0.0,0.0,0.0,-0.002070323
ABCB1,5.6145964e-05,0.0,0.0,0.0,-0.00017887555,7.4132404e-05,0.0,0.0,0.00012268547,0.0,0.0,0.00020317915,0.0,0.0002205146,0.0,0.0,0.0,0.0,0.0,0.0,0.0,0.0,0.0,0.0,0.0,0.0,0.0,0.0,0.0,0.0,0.00042395171
SREBF1,0.0,0.0,0.0,0.0,6.766456e-05,0.0,0.0,0.0,0.0,0.0,0.0,0.0,0.0,0.0,0.0,0.0,0.0,0.0,0.0,0.0,0.0,0.0,0.0,0.0,0.0,0.0,0.0,0.0,0.0,0.0,0.0002786735
TNFSF10,0.0,0.008772471,0.0,-0.001840153,0.0,-0.002095851,0.0,-0.0017813377,-0.0033123821,0.0,0.0,0.0,-0.0008303677,0.0,0.0,0.0015028613,-0.000464297,0.0,0.0,0.0023482598,0.0,0.014897412,0.0,0.0,0.0,0.0,0.0,0.0,0.0,0.0,-0.0036789607
PIAS1,0.0,0.0,0.0,0.0,0.0,0.0,0.0,0.0,0.00036411214,0.0,0.0,0.0,0.0,0.0,0.0,0.0,0.0,0.0,0.0,0.0,0.0,0.0,0.0,0.0,0.0,0.0,0.0,0.0,0.0,0.0,0.00012133523
IL12RB1,0.0,0.0,0.0,3.5926314e-05,0.0,0.0,0.0,0.0,0.0,0.0,0.0,0.0,0.0,0.0,0.0,0.0003024396,0.0,0.0,0.0,0.0,0.0,0.0,0.0,0.0,0.0,0.0,0.0,0.0,0.0,0.0,9.780017e-06
CD79A,0.0,0.0,0.0,0.0,0.0,0.01004212,0.0,0.0,0.0065429336,0.0,0.0,0.0,0.0,0.0,0.0,0.0,0.0,0.0,0.0,0.0,0.0,0.0,0.0,0.0,0.0,0.0,0.0,0.0,0.0,0.0,0.0013579945
MAP2K5,0.0,0.0,0.0,0.0,7.936525e-05,0.0,0.0,0.0,0.0,0.0,0.0,0.0,0.0,0.0,0.0,0.0,0.0,0.0,0.0,0.0,0.0,0.0,0.0,0.0,0.0,0.0,0.0,0.0,0.0,0.0,0.0005490867
TP53,0.0,0.0,0.0,0.00021819878,3.7874757e-05,-0.00016854172,0.0,0.0,-0.00040149884,-0.00022641724,0.0,0.0,0.0,0.0,0.0,-8.199141e-05,0.0,0.0,0.0,0.0,0.000101351565,0.0,0.0,0.0,0.0,0.0,0.0,0.0,0.0,0.0,-7.854389e-05
ITGA2B,0.0,0.0,0.0,0.0,0.0,-9.148137e-05,0.0,2.8763676e-05,0.0,0.0,-2.1236207e-05,0.0,0.0,0.0,0.0,0.0,0.0,0.0,0.0,0.0,0.0,0.0,0.0,0.0,0.0,0.0,0.0,0.0,0.0,0.0,0.0001870913
IGFBP3,0.0,0.0,0.0,0.0,0.0,-5.2189047e-05,0.0,0.0,0.0,0.0,0.0,0.0,0.0,0.0,0.0,0.0,0.0,0.0,0.0,0.0,0.0,0.0,0.0,0.0,0.0,0.0,0.0,0.0,0.0,0.0,-0.00012991036
CSF1,0.0,0.0,0.0,0.0,0.0,-2.4687604e-05,0.0,0.0,-0.000118980264,0.0,0.0,0.0,0.0,0.0,0.0,0.0,0.0,0.0,0.0,0.0,0.0,0.0,0.0,0.0,0.0,0.0,0.0,0.0,0.0,0.0,-5.1457697e-05
HSPA5,0.0,0.0,0.0,0.0,0.0,0.0,0.0499118,0.0,0.0,0.0,0.0,0.0,0.0,0.0,0.0,0.0,0.0,0.0,0.0,0.0,0.0,0.0,0.0,0.0,0.0,0.0,0.0,0.0,0.0,0.0,0.0010244607
HPS4,0.0,0.0,0.0,0.0,0.0,0.0,0.00022565057,0.0,0.0,0.0,0.0,0.0,0.0,0.0,0.0,0.0,0.0,0.0,0.0,0.0,0.0,0.0,0.0,0.0,0.0,0.0,0.0,0.0,0.0,0.0,-0.00018513696
FSD1,0.0,0.0,0.0,0.0,0.0,0.0,0.0,0.0,0.0,0.0,0.0,0.0,0.0,-1.2432126e-05,0.0,0.0,0.0,0.0,0.0,0.0,0.0,0.0,0.0,0.0,0.0,0.0,0.0,0.0,0.0,0.0,0.00010663719
HIF1A,0.0,0.0,0.0,0.0,-5.80963e-05,0.0,0.0,0.0,0.0,0.0,0.0,0.0,0.0,0.0,0.0,0.0,0.0,0.0,0.0,0.0,0.0,0.0,0.0,0.0,0.0,0.0,0.0,0.0,0.0,0.0,-0.0026775226
GSC,0.0,0.0,0.0,0.0,0.0,0.0,-3.038012e-13,0.0,0.0,0.0,0.0,0.0,0.0,0.0,0.0,0.0,0.0,0.0,0.0,0.0,0.0,0.0,0.0,0.0,0.0,0.0,0.0,0.0,0.0,0.0,6.779703e-14
IGBP1,0.0,0.0,0.0,-0.0010612145,0.0,0.0,0.0,0.0,0.0,0.0,0.0,0.0,0.0,0.0,0.0,0.0,0.0,0.0,0.0,0.0,0.0,0.0,0.0,0.0,0.0,0.0,0.0,0.0,0.0,0.0,0.0016651524
LITAF,0.0,0.0,0.0,0.0,0.0,0.0008420097,0.0,0.0,0.0,0.0,0.0,0.0,0.0,0.0,0.0,-0.00028608408,0.0,0.0,0.0,0.0,0.0,0.0,0.0,0.0,0.0,0.0,0.0,0.0,0.0,0.0,0.0030978404
NEU1,0.0,0.0,0.0,0.0,0.0,0.0,0.0,0.0,0.0,0.0,0.0,0.0,0.0,-0.0004821653,0.0,0.0,0.0,0.0,0.0,0.0,0.0,0.0,0.0,0.0,0.0,0.0,0.0,0.0,0.0,0.0,-0.0013287317
IL2RB,0.0,0.0,0.0,0.0,0.0,0.0,0.0,0.0,0.0,0.0,0.0,0.0,0.0,0.0,0.0,-0.00019787885,0.0,0.0,0.0,0.0,0.0,0.0,0.0,0.0,0.0,0.0,0.0,0.0,0.0,0.0,0.00049073214
RRAD,0.0,0.0,0.0,0.0,0.0,0.0,0.0,0.0,0.0,0.0,0.0,0.0,0.0,-0.0001382803,0.0,0.0,0.0,0.0,0.0,0.0,0.0,0.0,0.0,0.0,0.0,0.0,0.0,0.0,0.0,0.0,0.00024384067
PNP,0.0,0.0,0.0,0.0,0.00013350477,0.0,0.0,0.0,0.0,0.0,0.0,0.0,0.0,0.0,0.0,0.0,0.0,0.0,0.0,0.0,0.0,0.0,0.0,0.0,0.0,0.0,0.0,0.0,0.0,0.0,-0.00057172857
STAT4,0.0,0.0,3.111996e-05,0.0,0.0,0.0,0.0,0.0,0.0,0.0,-7.7899545e-05,0.0,0.0,0.0,0.0,0.0,0.0,0.0,0.0,0.0,0.0,0.0,0.0,0.0,0.0,0.0,0.0,0.0,0.0,0.0,0.0011852998
TBX21,0.0,0.0,1.9047817e-06,0.0,0.0,0.0,0.0,0.0,-8.333362e-05,0.0,0.0,0.0,0.0,0.0,0.0,0.0,0.0,0.0,0.0,0.0,0.0,0.0,0.0,0.0,0.0,0.0,0.0,0.0,0.0,0.0,0.00017521645
NCOA3,0.0,0.0,0.0,0.0,0.0,0.0,0.0,0.0,0.0,0.00044055172,0.0,0.0,0.0,0.0,0.0,0.0,0.0,0.0,0.0,0.0,0.0,0.0,0.0,0.0,0.0,0.0,0.0,0.0,0.0,0.0,7.330904e-05
ADA,0.0,0.0,0.0,0.0,0.0,-0.0033249669,0.0,0.0,0.0,0.0,0.0,0.0,0.0,0.0,0.0,0.0,0.0,0.0,0.0,0.0,0.0,0.0,0.0,0.0,0.0,0.0,0.0,0.0,0.0,0.0,-0.009138021
IER3,0.0,0.0,0.0,0.0,0.0,-0.001021234,0.0,0.0,0.0,0.0,0.0,0.0,0.0,0.0,0.0,0.0,0.0,0.0,0.0,0.0,0.0,0.0,0.0,0.0,0.0,0.0,0.0,0.0,0.0,0.0,-0.0072762817
APOE,0.0,0.0,0.0,0.0,0.0,0.0,0.0,0.0,0.0,0.0,0.0,0.0,0.0,0.0,0.0,0.0,0.0,0.0,0.0,0.0,0.0,0.0,0.0,-9.05856e-05,0.0,0.0,0.0,0.0,0.0,0.0,-0.00016161753
IL19,0.0,0.0,0.0,0.0,0.0,0.000614239,0.0,0.0,0.0,0.0,-9.6343036e-05,0.0,0.0,0.0,0.0,0.0,0.0,0.0,0.0,0.0,0.0,0.0,0.0,0.0,0.0,0.0,0.0,0.0,0.0,0.0,-0.00030570608
CD3E,-0.0039932076,0.0,0.0,0.0,0.0,0.0,0.0,0.0,0.0,0.0,0.0,0.0,0.0,0.0,0.0,0.0,0.0,0.0,0.0,0.0,0.0,0.0,0.0,0.0,0.0,0.0,0.0,0.0,0.0,0.0,0.011794064
CD69,-0.000525238,0.0,0.0,0.0,0.0,0.0016661374,0.0,0.0,0.004985303,0.0,0.0,0.0,0.0,0.0,0.0,0.0,0.0,0.0,0.0,0.0,0.0,0.0,0.0,0.0,0.0,0.0,0.0,0.0,0.0,0.0,0.003981916
FGL2,0.0,0.0,0.0,0.0,0.0,0.0,0.0,0.0,-0.007506338,0.0,0.0,0.0,0.0,0.0,0.0,0.0,0.0,0.0,0.0,0.0,0.0,0.0,0.0,0.0,0.0,0.0,0.0,0.0,0.0,0.0,-0.009021667
STMN1,0.0,0.0,0.0,0.0,0.0013834591,0.0,0.0,0.0,0.0,0.0,0.0,0.0,0.0,0.0,0.0,0.0,0.0,0.0,0.0,0.0,0.0,0.0,0.0,0.0,0.0,0.0,0.0,0.0,0.0,0.0,0.0030751873
PROS1,0.0,0.0,0.0,0.0,6.601813e-12,0.0,0.0,0.0,0.0,0.0,0.0,0.0,0.0,0.0,0.0,0.0,0.0,0.0,0.0,0.0,0.0,0.0,0.0,0.0,0.0,0.0,0.0,0.0,0.0,0.0,-9.298147e-15
ACTA2,0.0,0.0,0.0,0.0,0.0,0.0,0.0,0.0,0.0,0.0,0.0,0.0,0.0,-0.00015658702,0.0,0.0,0.0,0.0,0.0,0.0,-0.00016020662,0.0,0.0,0.0,0.0,0.0,0.0,0.0,0.0,0.0,0.00012773673
ACO1,-0.00010177842,0.0,0.0,0.0,0.0,0.0,0.0,0.0,0.0,0.0,0.0,0.0,0.0,0.0,0.0,0.0,0.0,0.0,0.0,0.0,0.0,0.0,0.0,0.0,0.0,0.0,0.0,0.0,0.0,0.0,0.00028094155
IL18R1,-7.25697e-06,0.0,0.0,0.0,0.0,0.0,0.0,0.0,0.0,0.0,-0.00025859135,0.0,0.0,0.0,0.0,0.0,0.0,0.0,0.0,0.0,0.0,0.0,0.0,0.0,0.0,0.0,0.0,0.0,0.0,0.0,0.00017498336
LEFTY1,0.0,0.0,0.0,0.0,0.0,0.0,0.0,0.0,0.0,0.0,0.0,0.0,0.0,0.0,0.0,0.0,0.0,0.0,0.0,0.0,2.1891236e-05,0.0,0.0,0.0,-1.808235e-05,0.0,0.0,0.0,0.0,0.0,-4.0658575e-05
RUNX3,0.0,0.0,0.0,0.0,0.0,0.00022645455,0.0,0.0,-0.00037471013,0.0,0.0,0.0,-0.0003414889,0.0,0.0,0.0,0.0,0.0,0.0,0.0,0.0,0.0,0.0,0.0,0.0,0.0,0.0,0.0,0.0,0.0,-0.0004117406
GATA2,0.0,0.0,0.0,0.0,0.0,-2.8615614e-05,0.0,0.0,0.0,0.0,0.0,0.0,0.0,0.0,0.0,0.0,0.0,0.0,0.0,0.0,0.0,0.0,0.0,0.0,0.0,0.0,0.0,0.0,0.0,0.0,-0.00015941788
CNR1,0.0,0.0,0.0,0.0,0.0,0.0,0.0,0.0,0.0,0.0,-0.00022910422,0.0,0.0,0.0,0.0,0.0,0.0,0.0,0.0,0.0,0.0,0.0,0.0,0.0,0.0,0.0,0.0,0.0,0.0,0.0,-6.221759e-05
CCL19,0.0,0.0,0.0,4.7272247e-06,0.0,0.0,0.0,0.0,-0.00031072696,0.0,0.0,0.0,0.0,0.0,0.0,-0.00019192565,-0.00012980546,0.0,0.0001349919,5.456755e-05,0.0,-2.1544041e-05,0.0,0.0,0.0,0.0,0.0,0.0,0.0,0.0,0.000103613944
FOXP3,-4.9088732e-05,0.0,0.0,-4.4117376e-05,-2.0599167e-05,-0.0002051967,0.0,0.0,1.3295654e-05,0.0,-5.5010674e-05,0.0,0.0,0.0,0.0,0.0,0.0,0.0,0.0,-4.951529e-05,0.0,0.0,0.0,0.0,0.0,0.0,0.0,0.0,0.0,0.0,-7.1502276e-05
CXCL11,0.0,0.0,0.0,0.0003365391,0.0009921035,0.0,0.0,-0.00021309851,0.00026739624,0.0,0.0,0.0,0.0,0.0,0.0,0.0,0.0,0.0,0.0,0.0,0.0,0.0,0.0,0.0,0.0,0.0,0.0,0.0,0.0,0.0,-0.00046670562
LIG3,0.0,0.0,0.0,0.0,0.0,0.0,0.0,0.0,0.0,0.0,0.0,-7.392734e-05,0.0,0.0,0.0,0.0,0.0,0.0,0.0,0.0,0.0,0.0,0.0,0.0,0.0,0.0,0.0,0.0,0.0,0.0,0.00056451256
POLD1,0.0,0.0,0.0,0.0,0.0,0.0,0.0,0.0,0.0,0.0,0.0,7.45244e-05,0.0,0.0,0.0,0.0,0.0,0.0,0.0,0.0,0.0,0.0,0.0,0.0,0.0,0.0,0.0,0.0,0.0,0.0,0.00037008786
IRF3,0.0,0.0,0.0,0.0,0.0,0.0,0.0,0.0,0.0,0.0,0.0,0.0,-0.0013793347,0.0,0.0,-0.00022033512,0.0,0.0,0.0,0.0010410112,0.0,0.0,0.0,0.0,0.0,0.0,0.0,0.0,0.0,0.0,0.0015963877
HSD17B1,0.0,-7.236257e-05,0.0,0.0,0.0,0.0,0.0,0.0,0.0,0.0,0.0,0.0,0.0,0.0,0.0,0.0,0.0,0.0,0.0,0.0,0.0,0.0,0.0,0.0,0.0,0.0,0.0,0.0,0.0,0.0,5.1558123e-05
GZMB,0.0,0.0,0.0,0.0,0.0,0.0008001591,0.0,0.0,0.0,0.0,0.0,0.0,0.0,0.0,0.0,0.0,0.0,0.0,0.0,0.0,0.0,0.0,0.0,0.0,0.0,0.0,0.0,0.0,0.0,0.0,0.0061578704
CCL23,0.0,0.0,0.0,0.0,0.0,0.0,0.0,0.0,0.0,0.0,7.3362746e-05,0.0,0.0,0.0,0.0,0.0,0.0,0.0,0.0,0.0,0.0,0.0,0.0,0.0,0.0,0.0,0.0,0.0,0.0,0.0,-0.00031225366
CD74,0.0,0.0,0.0,0.115903854,0.0,0.0,0.0,0.0,0.0,0.0,0.0,0.0,0.0,0.0,0.0,0.0,0.0,0.0,0.0,0.0,0.0,0.0,0.0,0.0,0.0,0.0,0.0,0.0,0.0,0.0,-0.0136170415
CDK6,0.0,-7.105066e-05,0.0,0.0,0.0,-9.29596e-05,0.0,0.0,0.0,0.0,0.0,0.0,0.0,0.0,0.0,0.0,0.0,0.0,0.0,0.0,0.0,0.0,0.0,0.0,0.0,0.0,0.0,0.0,0.0,0.0,-1.9264695e-05
ANXA1,0.0,0.0,0.0,0.0,-0.012455244,-0.016793383,0.0,0.0,0.0,0.0,0.0,0.0,0.0,0.0,0.0,0.0,0.0,0.0,0.0,0.0,0.0,0.0,0.0,0.0,0.0,0.0,0.0,0.0,0.0,0.0,0.008027954
TLR7,0.0,0.0,0.0,-1.6678363e-05,0.0,0.0,0.0,0.0,0.0,0.0,0.0,0.0,0.0,0.0,0.0,0.0,0.0,0.0,0.0,0.0,0.0,0.0,0.0,0.0,0.0,0.0,0.0,0.0,0.0,0.0,-0.00014816641
IL27,0.0,0.0,0.0,0.00020082443,0.0,0.0,0.0,0.0,0.0001409617,0.00042099846,0.00012289821,0.0,0.0,0.0,0.0,-8.863564e-05,0.0,0.0,-5.7081343e-05,2.105325e-05,0.0,0.00057865086,0.0,0.0,0.0,0.0,0.0,0.0,0.0,0.0,-0.00025510974
HES6,0.0,0.0,0.0,0.0,0.0,0.0,0.0,0.0,0.0,0.0,0.0,0.0,0.0,0.0,0.0,0.0,0.0,0.0,0.0,0.0,0.0,0.0,0.0,0.0,0.00016266503,0.0,0.0,0.0,0.0,0.0,-5.8903457e-05
PLEK,0.0,0.0,0.0,0.0,0.0,-0.00022024596,0.0,0.0,0.0,0.0,0.0,0.0,0.0,0.0,0.0,0.0,0.0,0.0,0.0,0.0,0.0,0.0,0.0,0.0,0.0,0.0,0.0,0.0,0.0,0.0,-0.006297596
CHRNA1,0.0,0.0,0.0,0.0,0.0,0.0,0.0,0.0,0.0,4.5890783e-06,0.0,0.0,0.0,0.0,0.0,0.0,0.0,0.0,0.0,0.0,0.0,0.0,0.0,0.0,0.0,0.0,0.0,0.0,0.0,0.0,-4.902219e-05
CD46,0.0,0.0,0.0,0.0,0.0012448386,0.0,0.0,0.0,0.0,0.0,0.0,0.0,0.0,0.0,0.0,0.0,0.0,0.0,0.0,0.0,0.0,0.0,0.0,0.0,0.0,0.0,0.0,0.0,0.0,0.0,0.001086539
POLR2K,0.0,0.0,0.0,0.00080314203,0.0,0.0,0.0,0.0,0.0,0.0,0.0,0.0,0.0,0.0,0.0,0.0,0.0,0.0,0.0,0.0,0.0,0.0,0.0,0.0,0.0,0.0,0.0,0.0,0.0,0.0,0.0018082842
CD38,0.0,0.0,0.0,-1.2782029e-05,0.0,0.0,0.0,0.0,0.0,0.0,0.0,0.0,0.0,0.0,0.0,0.0,0.0,0.0,0.0,0.0,0.0,0.0,0.0,0.0,0.0,0.0,0.0,0.0,0.0,0.0,0.00039615008
UCP2,0.0,0.0,0.0,0.0,0.0011949542,0.0,0.0,0.0,0.0,0.0,0.0,0.0,0.0,-0.0009840255,0.0,0.0,0.0,0.0,0.0,0.0,0.0,0.0,0.0,0.0,0.0,0.0,0.0,0.0,0.0,0.0,-3.8149137e-05
TNFSF14,0.0,0.0,0.0,0.0,0.0,0.0,0.0,0.00050074945,0.0,0.0,0.0,0.0,0.0,0.0,0.0,0.0,0.0,0.0,0.0,0.0,0.0,0.0,0.0,0.0,0.0,0.0,0.0,0.0,0.0,0.0,-0.00072852394
MDC1,0.0,0.0,0.0,0.0,0.00010796844,0.0,0.0,0.0,-0.00031893895,0.0,0.0,0.0,0.0,0.0,0.0,0.0,0.0,0.0,0.0,0.0,0.0,0.0,0.0,0.0,0.0,0.0,0.0,0.0,0.0,0.0,-5.3222466e-06
PFN1,0.0,0.0,0.0,0.0,-0.02752335,0.0,0.0,0.0,0.0,0.0,0.0,0.0,0.0,0.0,0.0,0.0,0.0,0.0,0.0,0.0,0.0,0.0,0.0,0.0,0.0,0.0,0.0,0.0,0.0,0.0,0.0005341649
CDKN2C,0.0,0.0,0.0,0.0,0.0,0.00017786448,0.0,0.0,0.0,0.0,0.0,0.0,0.0,0.0,0.0,0.0,0.0,0.0,0.0,0.0,0.0,0.0,0.0,0.0,0.0,0.0,0.0,0.0,0.0,0.0,0.00042235912
RGCC,0.0,0.0,0.0,0.0,0.0018246484,-0.002653122,0.0,0.0,0.0,0.0,0.0,0.0,0.0,0.0,0.0,0.0,0.0,0.0,0.0,0.0,0.0,0.0,0.0,0.0,0.0,0.0,0.0,0.0,0.0,0.0,0.010745208
TNFSF13B,0.0,0.0,0.0,0.0026945747,0.0,0.0,0.0,0.0,-0.003404073,0.0022375588,0.0,0.0,0.0,0.0,0.0,0.0,0.0,0.0,0.0,0.0,0.0,0.0,0.0,0.0,0.0,0.0,0.0,0.0,0.0,0.0,-0.0057628555
HSPA8,0.00016873733,0.0,0.0,0.0,0.0,0.0,0.0,0.0,0.0,0.0,0.0,0.0,0.0,0.0,0.0,0.0,0.0,0.0,0.0,0.0,0.054251246,0.0,0.0,0.0,0.0,0.0,0.0,0.0,0.0,0.0,0.0019102659
HSPA1A,0.0,0.0,0.0,0.0,-0.00280429,0.0,0.0,0.0,0.0,0.0,0.0,0.0,0.0,0.0,0.0,0.0,0.0,0.0,0.0,0.0,0.021171441,0.0,0.0,0.0,0.0,0.0,0.0,0.0,0.0,0.0,-0.004822512
CITED2,-0.00010155122,0.0,0.0,0.0,0.0,0.0,0.0,0.0,0.0,0.0,0.0,0.0,0.0,0.0,0.0,0.0,0.0,0.0,0.0,0.0,0.0,0.0,0.0,0.0,0.0,0.0,0.0,0.0,0.0,0.0,0.0016334455
CD55,0.0,0.0,0.0,0.0,0.0,0.0,0.0,0.0,0.0,0.0,0.0,0.0,0.0,0.0,0.0,0.0,0.0,0.0,0.0,0.0,0.008272215,0.0,0.0,0.0,0.0,0.0,0.0,0.0,0.0,0.0,0.000261451
ANGPT1,0.0,0.0,0.0,0.0,0.0,-4.305523e-05,0.0,0.0,0.0,0.0,0.0,0.0,0.0,0.0,0.0,0.0,0.0,0.0,0.0,0.0,0.0,0.0,0.0,0.0,0.0,0.0,0.0,0.0,0.0,0.0,1.6012491e-06
MYH10,0.0,0.0,0.0,0.0,0.0,-4.062452e-05,0.0,0.0,0.0,0.0,0.0,0.0,0.0,0.0,0.0,0.0,0.0,0.0,0.0,0.0,-3.1360763e-05,0.0,0.0,0.0,0.0,0.0,0.0,0.0,0.0,0.0,-2.5878868e-05
HCFC1,0.0,0.0,0.0,0.0,0.0,0.0,0.0,0.0,0.0,0.0,0.0,0.0,0.0,0.0,0.0,0.0,0.0,0.0,0.0,0.0,0.0,0.0,0.0,0.0,0.0,0.00024165199,0.0,0.0,0.0,0.0,-8.649456e-05
AURKA,-9.566787e-05,0.00017227724,0.0,0.0,0.0,0.0,0.0,0.0,0.0,0.0,0.0,0.0,0.0,0.0,0.0,0.0,0.0,0.0,0.0,0.0,0.0,0.0,0.0,0.0,0.0,0.0,0.0,0.0,0.0,0.0,-4.0152423e-05
LGALS3BP,0.0,0.0,0.0,0.0,-0.0003848198,0.0,0.0,0.0,0.0,0.0,0.0,0.0,0.0,0.0,0.0,0.0,0.0,0.0,0.0,0.0,0.0,0.0,0.0,0.0,0.0,0.0,0.0,0.0,0.0,0.0,0.00086368585
TBK1,0.0,0.0,0.0,0.0,0.0,0.0,0.0,0.0,0.0,0.0,0.0,0.0,0.0,0.0,0.0,0.0006842246,0.0,0.0,0.0,0.0,0.0,0.0,0.0,0.0,0.0,0.0,0.0,0.0,0.0,0.0,0.0003908352
FHL2,0.0,0.0,0.0,0.0,0.0,-0.0002571201,0.0,0.0,0.0,0.0,0.0,0.0,0.0,0.0,0.0,0.0,0.0,0.0,0.0,0.0,0.0,0.0,0.0,0.0,0.0,0.0,0.0,0.0,0.0,0.0,0.0003869431
MTF2,0.0,0.0,0.0,0.0,0.0,0.0,0.0,0.0,0.0,0.0,0.0,0.0,0.0,0.0,0.0,0.0,0.0,0.0,0.0,0.0,-0.0003974224,0.0,0.0,0.0,0.0,0.0,0.0,0.0,0.0,0.0,0.0008171038
ID2,0.005118558,0.0,0.0,0.0,0.0,0.0,0.0,0.0,0.0,0.0,0.0,0.0,0.0,0.0,0.0,0.0,0.0,0.0,0.0,0.0,0.0,0.0,0.0,0.0,0.0,0.0,0.0,0.0,0.0,0.0,-0.0031087152
SLC39A4,0.0,0.0,0.0,0.0,0.0,0.0,0.0,0.0,0.0,0.0,0.0,0.0,0.0,0.0,0.0,0.0,0.0,0.0,0.0,0.0,6.0639286e-05,0.0,0.0,0.0,0.0,0.0,0.0,0.0,0.0,0.0,0.0005404904
IL23A,0.0,0.0,0.0,-0.0021959278,0.0016109131,0.0,0.0,0.0,0.0,0.0,0.0,0.0,0.00022338521,0.0,0.0,-0.0014998077,0.0,0.0,0.0,0.0,0.0,0.0,0.0,0.0,0.0,0.0,0.0,0.0,0.0,0.0,0.0014864501
REL,0.0,0.0,0.0,0.0,-9.3064926e-05,0.0,0.0,0.0,0.0,0.0,0.0,0.0,0.0,0.0,0.0,0.0,0.0,0.0,0.0,0.0,0.0,0.0,0.0,0.0,0.0,0.0,0.0,0.0,0.0,0.0,-0.000115213916
LCN2,-0.00022999718,-0.00016238439,0.0,0.0,0.00040841912,0.0,0.0,0.0,7.6233528e-06,0.0,0.0,0.0,0.0,0.0,0.0,0.0,0.0,0.0,0.0,0.0,0.0,0.0,0.0,0.0,0.0,0.0,0.0,0.0,0.0,0.0,8.641126e-05
SLC22A17,0.0,0.0,0.0,0.0,0.0,0.00017124639,0.0,0.0,0.0,0.0,0.0,0.0,0.0,0.0,0.0,0.0,0.0,0.0,0.0,0.0,0.0,0.0,0.0,0.0,0.0,0.0,0.0,0.0,0.0,0.0,9.5673066e-05
CXCL10,0.0,0.0,0.0,-0.0008117583,-0.00028340213,0.0,0.0,-0.002469577,-0.0018214921,0.0,0.0,0.0,0.0,0.0,0.0,0.003026904,0.0010953661,0.0,0.0,0.0008232847,-0.0009201646,0.02044266,0.0,0.0,0.0,0.0,0.0,0.0,0.0,0.0,-0.0036335816
CD200,0.0,0.0,0.0,0.0017610386,0.0,0.0,0.0,0.0,0.0014724366,0.0,0.0,0.0,0.0,0.0,0.0,0.0,0.0,0.0,0.0,0.0,0.0,0.0,0.0,0.0,0.0,0.0,0.0,0.0,0.0,0.0,0.0009815533
LPIN1,0.0,0.0,0.0,0.0,0.0003232361,0.0,0.0,0.0,0.0,0.0,0.0,0.0,0.0,0.0,0.0,0.0,0.0,0.0,0.0,0.0,0.0,0.0,0.0,0.0,0.0,0.0,0.0,0.0,0.0,0.0,0.0006951728
CD6,0.0,0.0,0.0,0.0,0.0,-3.177789e-05,0.0,0.0,0.0,0.0,0.0,0.0,0.0,0.0,0.0,0.0,0.0,0.0,0.0,0.0,0.0,0.0,0.0,0.0,0.0,0.0,0.0,0.0,0.0,0.0,0.004623295
SOD2,0.0,0.0,0.0,0.0,-0.012940878,0.0,0.0,0.0,0.0,0.0,0.0,0.0,0.0,0.0,0.0,0.0,0.0,0.0,0.0,0.0,0.0,0.0,0.0,0.0,0.0,0.0,0.0,0.0,0.0,0.0,-0.04843802
GFI1,0.00044401822,0.0,0.0,0.0,0.0,-0.000105411884,0.0,0.0,0.00041301065,0.0,-6.139376e-05,0.0,0.0,0.0,0.0,0.0,0.0,0.0,0.0,0.0,0.0,0.0,0.0,0.0,0.0,0.0,0.0,0.0,0.0,0.0,0.00011071877
VCAM1,0.0,0.0,0.0,1.5718244e-06,0.0,0.0,0.0,0.000109752174,0.0,0.0,4.776936e-05,0.0,0.0,0.0,0.0,0.0,0.0,0.0,0.0,0.0,-7.4654556e-05,0.0,0.0,0.0,0.0,0.0,0.0,0.0,0.0,0.0,3.0750813e-05
S100A8,0.0,0.0,0.0,0.0,0.0,0.0,0.0,0.0,0.0,0.0,0.0,0.0,0.0,0.045002297,0.0,0.0,0.0,0.0,0.0,0.0,0.0,0.0,0.0,0.0,0.0,0.0,0.0,0.0,0.0,0.0,-0.015645698
DHX9,0.0,0.0,0.0,0.0,0.0,0.0,0.0,0.0,0.0,0.0,0.0,0.0,0.0,-0.00028287942,0.0,0.0,0.0,0.0,0.0,0.0,0.0,0.0,0.0,0.0,0.0,0.0,0.0,0.0,0.0,0.0,0.00029040384
SOCS2,4.383499e-05,-0.00045986116,0.0,0.0003489839,-0.00026527554,0.0,0.0,0.0,-4.2897456e-05,0.0,0.0,0.0,0.0,0.0,0.0,4.799601e-05,0.0,0.0,0.0,0.0,0.0,0.0,0.0,0.0,0.0,0.0,0.0,0.0,0.0,0.0,0.00058026647
FANCF,0.0,0.0,0.0,0.0,0.0,0.0,0.0,0.0,0.0,-0.0025976216,0.0,0.0,0.0,0.0,0.0,0.0,0.0,0.0,0.0,0.0,0.0,0.0,0.0,0.0,0.0,0.0,0.0,0.0,0.0,0.0,0.0011601683
NFATC1,0.0,0.0,0.0,0.0,0.0,0.0,0.0,0.0,0.0,0.0,-3.196859e-05,0.0,0.0,0.0,0.0,0.0,0.0,0.0,0.0,0.0,0.0,0.0,0.0,0.0,0.0,0.0,0.0,0.0,0.0,0.0,0.0011481538
PDGFD,0.0,0.0,0.0,-5.7633035e-05,0.0,0.0,0.0,0.0,0.0,0.0,0.0,0.0,0.0,0.0,0.0,0.0,0.0,0.0,0.0,0.0,0.0,0.0,0.0,0.0,0.0,0.0,0.0,0.0,0.0,0.0,-0.00022814127
FAIM,0.0,0.0,0.0,0.0,0.0,0.0,0.0,0.0,0.0,0.0,0.0,0.0,-0.00011919757,0.0,0.0,0.0,0.0,0.0,0.0,0.0,0.0,0.0,0.0,0.0,0.0,0.0,0.0,0.0,0.0,0.0,0.0008731846
BBC3,0.0,0.0,0.0,-0.0008006881,0.0,0.0,0.0,0.0,0.0,0.0,0.0,0.0,0.0,0.0,0.0,0.0,0.0,0.0,0.0,0.0,0.0,0.0,0.0,0.0,0.0,0.0,0.0,0.0,0.0,0.0,0.0001366197
AATF,0.0,0.0,0.0,0.0,0.00015452852,0.0,0.0,0.0,0.0,0.0,0.0,0.0,0.0,0.0,0.0,0.0,0.0,0.0,0.0,0.0,0.0,0.0,0.0,0.0,0.0,0.0,0.0,0.0,0.0,0.0,-3.2535685e-05
NUCB2,0.0,0.0,0.0,0.0,0.0,0.0026667514,0.0,0.0,0.0,0.0,0.0,0.0,0.0,0.0,0.0,0.0,0.0,0.0,0.0,0.0,0.0,0.0,0.0,0.0,0.0,0.0,0.0,0.0,0.0,0.0,0.002512101
FLT3LG,0.0,0.0,0.0,0.0,0.0,0.0,0.0,0.0,0.0,0.0,0.0,0.0,0.0,-0.0006967928,0.0,0.0,0.0,0.0,0.0,0.0,0.0,0.0,0.0,0.0,0.0,0.0,0.0,0.0,0.0,0.0,0.00085318193
MLC1,0.0,0.0,0.0,0.0,0.0,0.0,0.0,0.0,-1.664518e-05,0.0,0.0,0.0,0.0,6.533839e-05,0.0,0.0,0.0,0.0,0.0,0.0,0.0,0.0,0.0,0.0,0.0,0.0,0.0,0.0,0.0,0.0,3.3444343e-05
BIRC2,0.0,0.0,0.0,0.0,0.0,0.0,0.0,0.0,0.001949392,0.0,0.0,0.0,0.0,0.0,0.0,0.0,0.0,0.0,0.0,0.0,0.0,0.0,0.0,0.0,0.0,0.0,0.0,0.0,0.0,0.0,0.0030874615
FSCN1,0.0,0.0,0.0,0.0,-0.00055886654,0.0,0.0,0.0,-0.0008183274,0.0,0.0,0.0,0.0,0.0,0.0,0.0,0.0,0.0,0.0,0.0,0.0,0.0,0.0,0.0,0.0,0.0,0.0,0.0,0.0,0.0,-0.00088161806
IFIT3,0.0,0.0,0.0,-0.0004085152,0.0,0.0,0.0,0.0,-0.0005835989,0.0,0.0,0.0,-0.000303157,0.0,0.0,0.0,0.0,0.0,0.004514357,0.0,0.0,0.007050679,0.0,0.0,0.0,0.0,0.0,0.0,0.0,0.0,-0.0013155306
IRS1,0.0,0.0,0.0,0.0,0.0,0.0,0.0,0.0,0.0,0.0,0.0,0.0,0.0,-5.410235e-05,0.0,0.0,0.0,0.0,0.0,0.0,0.0,0.0,0.0,0.0,0.0,0.0,0.0,0.0,0.0,0.0,1.6113649e-05
NR3C1,-0.0010618006,0.0,0.0,0.0,0.0021688922,0.0,0.0,0.0,0.0,0.0,0.0,0.0,0.0,0.0,0.009114182,0.0,0.0,0.0,0.0,0.0,0.0,0.0,0.0,0.0,0.0,0.0,0.0,0.0,0.0,0.0,0.006135865
ALOX12,0.0,0.0,0.0,0.0,0.0,1.017823e-18,0.0,0.0,0.0,0.0,4.3838227e-20,0.0,0.0,0.0,0.0,0.0,0.0,0.0,0.0,0.0,0.0,0.0,0.0,0.0,0.0,0.0,0.0,0.0,0.0,0.0,-5.044854e-19
EDN1,0.0,0.0,0.0,0.0,0.0,0.0,0.0,0.0,-0.00042382843,0.0,0.0,0.0,0.0,0.0,0.0,0.0,0.0,0.0,0.0,0.0,-0.00010319975,0.0,0.0,0.0,0.0,0.0,0.0,0.0,0.0,0.0,0.00013696113
RSAD2,0.0,0.0,0.0,-5.361876e-05,0.0,0.0,0.0,0.0,0.0,0.0,0.0,0.0,0.0,0.0,0.0,0.0,0.0,0.0,0.0,0.0,0.0,0.0,0.0,0.0,0.0,0.0,0.0,0.0,0.0,0.0,-0.0013216382
SNW1,0.0,0.0,0.0,0.0,0.0,0.0,0.0,0.0,0.0,0.0,0.0,0.0,0.0,-0.00031844393,0.0,0.0,0.0,0.0,0.0,0.0,0.0,0.0,0.0,0.0,0.0,0.0,0.0,0.0,0.0,0.0,0.0009025109
NFE2,0.0,0.0,0.0,0.0,0.0,-0.00012395508,0.0,0.0,0.0,0.0,0.0,0.0,0.0,0.0,0.0,0.0,0.0,0.0,0.0,0.0,0.0,0.0,0.0,0.0,0.0,0.0,0.0,0.0,0.0,0.0,3.0780462e-05
DUSP1,0.0,0.0,0.0,0.0,0.0,0.0,0.0,0.0,0.0,0.0,0.0068881586,0.0,0.0,0.0036780448,0.0,0.0,0.0,0.0,0.0,0.0,0.0,0.0,0.0,0.0,0.0,0.0,0.0,0.0,0.0,0.0,-0.009231087
LTB4R,0.0,0.0,0.0,0.0,0.0,0.0002487503,0.0,0.0,0.0,0.0,0.0,0.0,0.0,0.0,0.0,0.0,0.0,0.0,0.0,0.0,0.0,0.0,0.0,0.0,0.0,0.0,0.0,0.0,0.0,0.0,-7.44748e-05
SKP2,0.0,0.0,0.0,0.0,0.000105810424,0.0,0.0,0.0,0.00010820952,0.0,0.0,0.0,0.0,0.0,0.0,0.0,0.0,0.0,0.0,0.0,0.0,0.0,0.0,0.0,0.0,0.0,0.0,0.0,0.0,0.0,-0.000111112626
AKAP12,0.0,0.0,0.0,0.0,-0.00013648701,0.0,3.4731136e-05,0.0,0.0,0.0,0.0,0.0,0.0,0.0,0.0,0.0,0.0,0.0,0.0,0.0,0.0,0.0,0.0,0.0,0.0,0.0,0.0,0.0,0.0,0.0,9.538979e-05
TRIM22,0.0,0.0,0.0,0.0004784572,0.0,0.0,0.0,0.0,0.0,0.0,0.0,0.0,0.0,0.0,0.0,0.0,0.0,0.0,0.0,0.0,0.0,0.0,0.0,0.0,0.0,0.0,0.0,0.0,0.0,0.0,-0.00013633384
RHOH,-0.002339564,0.0,0.0,0.0,0.004169667,0.0,0.0,0.0,0.0,0.0,0.0,0.0,0.0,0.0,0.0,0.0,0.0,0.0,0.0,0.0,0.0,0.0,0.0,0.0,0.0,0.0,0.0,0.0,0.0,0.0,0.009727454
MYL9,0.0,0.0,0.0,0.0,0.0,0.00037568915,0.0,0.0,0.0,0.0,0.0,0.0,0.0,0.0,0.0,0.0,0.0,0.0,0.0,0.0,0.0,0.0,0.0,0.0,0.0,0.0,0.0,0.0,0.0,0.0,-0.00035592238
GNLY,0.05487327,0.0,0.0,0.0,0.0,0.0,0.0,0.0,0.0,0.0,0.0,0.0,0.0,0.0,0.0,0.0,0.0,0.0,0.0,0.0,0.0,0.0,0.0,0.0,0.0,0.0,0.0,0.0,0.0,0.0,0.0058157523
RBPJ,0.0,0.0,0.0,0.0,0.0,0.0,0.0,0.0,0.0,0.0,0.0,0.0,0.0,0.0,0.0,0.0,0.0,0.0,0.0,0.0,0.0,0.0,0.0,0.0,0.00066656107,0.0,0.0,0.0,0.0,0.0,8.99007e-05
DLD,0.0,0.0,0.0,0.0,0.0,0.0,0.0,0.0,0.0,0.0,0.0,0.0,0.0,-0.0004840637,0.0,0.0,0.0,0.0,0.0,0.0,0.0,0.0,0.0,0.0,0.0,0.0,0.0,0.0,0.0,0.0,0.00067266414
TOE1,0.0,0.0,0.0,0.0,0.0,0.0,0.0,0.0,0.0,0.0,0.0,0.0,0.0,-2.0731566e-05,0.0,0.0,0.0,0.0,0.0,0.0,0.0,0.0,0.0,0.0,0.0,0.0,0.0,0.0,0.0,0.0,-0.00011266391
UBE2G1,0.0,0.0,0.0,0.0,-0.00012390637,0.0,0.0,0.0,0.0,0.0,0.0,0.0,0.0,0.0,0.0,0.0,0.0,0.0,0.0,0.0,0.0,0.0,0.0,0.0,0.0,0.0,0.0,0.0,0.0,0.0,-0.00013137897
IFI30,0.0,0.0,0.0,0.0,0.0,0.0,0.0,0.0,-0.0049073314,0.0,0.0,0.0,0.0,0.0,0.0,0.0,0.0,0.0,0.0,0.0,0.0,0.0,0.0,0.0,0.0,0.0,0.0,0.0,0.0,0.0,-0.008879334
KIT,0.0,0.0,0.0,0.0,0.0,-5.9776474e-05,0.0,0.0,0.0,0.0,0.0,0.0,0.0,0.0,0.0,0.0,0.0,0.0,0.0,0.0,0.0,0.0,0.0,0.0,-7.924739e-05,0.0,0.0,0.0,0.0,0.0,-0.0001389315
APOBEC3G,0.0,0.0,0.0,0.0,0.0,0.0,0.0,0.0,0.0,0.0,0.0,0.0,0.0073783053,0.0,0.0,0.0,0.0,0.0,0.0,0.0,0.0,0.0,0.0,0.0,0.0,0.0,0.0,0.0,0.0,0.0,0.0031017938
PF4,0.0,0.0,0.0,0.0,0.0,0.000114355455,0.0,0.0,0.0,0.0,0.0,0.0,0.0,0.0,0.0,0.0,0.0,0.0,0.0,0.0,0.0,0.0,0.0,0.0,0.0,0.0,0.0,0.0,0.0,0.0,-1.4915839e-05
SLC9A3R1,0.0,0.0,0.0,0.0,0.0,0.00072145066,0.0,0.0,0.0,0.0,0.0,0.0,0.0,0.0,0.0,0.0,0.0,0.0,0.0,0.0,0.0,0.0,0.0,0.0,0.0,0.0,0.0,0.0,0.0,0.0,0.001467457
SPG7,0.0,0.0,0.0,0.0011931516,0.0,0.0,0.0,0.0,0.0,0.0,0.0,0.0,0.0,0.0,0.0,0.0,0.0,0.0,0.0,0.0,0.0,0.0,0.0,0.0,0.0,0.0,0.0,0.0,0.0,0.0,0.0006799364
PRKCQ,0.0,0.0,0.00016748461,0.0,0.00010833207,-2.7195454e-05,0.0,0.0,0.0,0.0,-0.00052521954,0.0,0.0,0.0,0.0,0.0,0.0,0.0,0.0,0.0,0.0,0.0,0.0,0.0,0.0,0.0,0.0,0.0,0.0,0.0,0.00013024383
SNCA,0.0,0.0,0.0,0.0,0.0,0.0,0.0,0.0,0.0,0.0,0.0,0.0,0.0,0.0,0.0,0.0,0.0,0.0,0.0,0.0,0.0,0.00070004974,0.0,0.0,0.0,0.0,0.0,0.0,0.0,0.0,-0.00030645498
BATF,0.0,0.0,0.0,0.0,0.0008112315,0.0,0.0,0.0,0.0,0.0,0.00032984567,0.0,0.0,0.0,0.0,0.0,0.0,0.0,0.0,0.0,0.0,0.0,0.0,0.0,0.0,0.0,0.0,0.0,0.0,0.0,0.0014780345
MAD1L1,0.0,0.0,0.0,0.0,-0.0007772624,0.0,0.0,0.0,0.0,0.0,0.0,0.0,0.0,0.0,0.0,0.0,0.0,0.0,0.0,0.0,0.0,0.0,0.0,0.0,0.0,0.0,0.0,0.0,0.0,0.0,0.00056059647
IL24,0.0,0.0,0.0,0.0,0.0,0.0,0.0,0.0,0.0,0.0,-0.00029331056,0.0,0.0,0.0,0.0,0.0,0.0,0.0,0.0,0.0,0.0,0.0,0.0,0.0,0.0,0.0,0.0,0.0,0.0,0.0,0.00033397542
TFRC,-1.3536049e-05,0.0,0.0,0.0,0.0,0.0,0.0,0.0,0.0,0.0,0.0,0.0,0.0,0.0,0.0,0.0,0.0,0.0,0.0,0.0,0.0,0.0,0.0,0.0,0.0,0.0,0.0,0.0,0.0,0.0,-0.00013265532
CXCR4,0.0,0.0,0.0,0.0,0.0,0.0,0.0,0.05493837,0.0,0.0,0.0,0.0,0.0,0.0,0.0,0.0,0.0,0.0,0.0,0.0,0.0,0.0,0.0,0.0,0.0,0.0,0.0,0.0,0.0,0.0,0.027657667
CTLA4,0.0,0.0,0.0,0.0,0.0,0.00016950315,0.0,0.0,0.0,-0.00037448993,0.0,0.0,0.0,0.0,0.0,0.0,0.0,0.0,0.0,0.0,0.0,0.0,0.0,0.0,0.0,0.0,0.0,0.0,0.0,0.0,0.0002941827
QPCT,0.0012437312,0.0,0.0,0.0,0.0,0.0,0.0,0.0,0.0,0.0,0.0,0.0,0.0,0.0,0.0,0.0,0.0,0.0,0.0,0.0,0.0,0.0,0.0,0.0,0.0,0.0,0.0,0.0,0.0,0.0,-0.005234196
IFITM3,0.0,0.0,0.0,0.0,0.0,0.0,0.0,0.0,0.0,0.0,0.0,0.0,0.0,0.0,0.0,0.0,0.0,0.0,0.0,0.0,-0.00043187296,0.0,0.0,0.0,0.0,0.0,0.0,0.0,0.0,0.0,-0.00961644
CD207,-6.659143e-05,0.0,0.0,0.0,0.0,0.0,0.0,0.0,0.0,0.0,0.0,0.0,0.0,0.0,0.0,0.0,0.0,0.0,0.0,0.0,0.0,0.0,0.0,0.0,0.0,0.0,0.0,0.0,0.0,0.0,-0.00060136616
TICAM1,0.0,0.0,0.0,0.0,0.0,0.0,0.0,0.0,0.0,0.0,0.0,0.0,0.0,0.0,0.0,-9.411869e-05,0.0,0.0,0.0,0.0,0.0,0.0,0.0,0.0,0.0,0.0,0.0,0.0,0.0,0.0,-0.00049595797
CAV1,0.0,0.0,0.0,0.0,0.00016637407,0.0,0.0,0.0,0.0,0.0,0.0,0.0,0.0,0.0,0.0,0.0,0.0,0.0,0.0,0.0,0.0,0.0,0.0,0.0,0.0,0.0,0.0,0.0,0.0,0.0,-0.00017064749
KPNA2,0.0,0.0,0.0,0.0,0.0,0.0,0.0,0.0,0.0,0.0,0.0,0.0,0.0,0.0,0.0,0.0,0.0,0.0,0.0,0.0,0.0034171226,0.0,0.0,0.0,0.0,0.0,0.0,0.0,0.0,0.0,0.00087615865
FOXO1,0.0,0.0,0.0,0.0,-5.327244e-06,0.0,0.0,0.0,0.0,0.0,0.0,0.0,0.0,0.0,0.0,0.0,0.0,0.0,0.0,0.0,0.0,0.0,0.0,0.0,0.0,0.0,0.0,0.0,0.0,0.0,0.00018944955
ICOS,0.0,0.0,0.0,0.0,0.00032471356,0.0,0.0,0.0,0.0,0.0,-0.0005998997,0.0,0.0,0.0,0.0,0.0,0.0,0.0,0.0,0.0,0.0,0.0,0.0,0.0,0.0,0.0,0.0,0.0,0.0,0.0,0.0011238973
PMAIP1,0.0,0.0,0.0,0.0047823978,0.0,0.0,0.0,0.0,0.0,0.0,0.0,0.0,-0.00046873224,0.0,0.0,-0.00087350607,0.0,0.0,0.0,0.002527012,0.0,0.0,0.0,0.0,0.0,0.0,0.0,0.0,0.0,0.0,0.00042390163
GADD45A,0.0,0.0,0.0,0.0,0.0,0.00072620355,0.0,0.0,0.0008498826,0.0,0.0,0.0,0.0,0.0,0.0,0.0,0.0,0.0,0.0,0.0,0.0,0.0,0.0,0.0,0.0,0.0,0.0,0.0,0.0,0.0,0.0008872779
C1QB,0.0,0.0,0.0,0.0,0.0,0.0,0.0,0.0,-2.8118582e-05,0.0003030099,0.0,0.0,0.0,0.0,0.0,0.0,0.0,0.0,0.0,0.0,0.0,0.0,0.0,0.0,0.0,0.0,0.0,0.0,0.0,0.0,-0.00071264786
GATA1,0.0,0.0,0.0,0.0,0.0,-4.476522e-05,0.0,0.0,0.0,0.0,0.0,0.0,0.0,0.0,0.0,0.0,0.0,0.0,0.0,0.0,0.0,0.0,0.0,0.0,0.0,0.0,0.0,0.0,0.0,0.0,8.313988e-05
MCF2L2,0.0,0.0,0.0,0.0,0.0,-4.5347355e-05,0.0,0.0,0.0,0.0,0.0,0.0,0.0,0.0,0.0,0.0,0.0,0.0,0.0,0.0,0.0,0.0,0.0,0.0,0.0,0.0,0.0,0.0,0.0,0.0,2.6028258e-05
HES1,0.0,0.0,0.0,0.0,0.0,0.00067202345,0.0,0.0,0.0,0.0,0.0,0.0,0.0,0.0,0.0,0.0,0.0,0.0,0.0,0.0,0.0,0.0,0.0,0.0,0.0,0.0,0.0,0.0,0.0,0.0,-0.00028955023
NFATC2,0.000579371,0.0,0.0,0.0,0.0,0.0,0.0,0.0,0.0,0.0,0.0,0.0,0.0,0.0,0.0,0.0,0.0,0.0,0.0,0.0,0.0,0.0,0.0,0.0,0.0,0.0,0.0,0.0,0.0,0.0,0.000995382
IFNAR1,0.0,0.0,0.0,0.0,-0.00029488694,0.0,0.0,0.0,0.0,0.0,0.0,0.0,0.0,0.0,0.0,-0.0012481993,0.0,0.0,0.0,0.0,0.0,0.0,0.0,0.0,0.0,0.0,0.0,0.0,0.0,0.0,-4.472984e-05
PRKCH,0.0,0.0,0.0,0.0,0.0007655843,0.0,0.0,0.0,0.0,0.0,0.0,0.0,0.0,0.0,0.0,0.0,0.0,0.0,0.0,0.0,0.0,0.0,0.0,0.0,0.0,0.0,0.0,0.0,0.0,0.0,0.0016227703
SMARCA2,0.0,0.0,0.0,0.0,0.0,0.0,0.0,0.0,0.0,0.0,0.0,0.0,0.0,0.0,0.0,0.0,0.0,0.0,0.0,0.0,0.0,0.0,0.0,0.0,0.0,0.0,0.0,-0.00020686859,0.0,0.0,0.0003134055
FKBP4,0.0,0.0,0.0,0.0,0.0,0.0,0.0,0.0,0.0,0.0,0.0,0.0,0.00020043182,0.0,0.0,0.0,0.0,0.0,0.0,0.0,0.0,0.0,0.0,0.0,0.0,0.0,0.0,0.0,0.0,0.0,0.00019902243
DLK2,0.0,0.0,0.0,0.0,0.0,0.0,0.0,0.0,0.0,0.0,0.0,0.0,0.0,0.0,0.0,0.0,0.0,0.0,0.0,0.0,-2.9750587e-05,0.0,0.0,0.0,0.0,0.0,0.0,0.0,0.0,0.0,0.00018315052
CCL20,0.0,0.0,0.0,0.0,-6.520281e-05,0.0,0.0,0.0,0.0,0.0,0.0,0.0,0.0,0.0,0.0,0.0,0.0,0.0,0.0,0.0,0.0,0.0,0.0,0.0,0.0,0.0,0.0,0.0,0.0,0.0,0.00050317746
RARA,0.0,0.0,0.0,0.0,0.0,0.0,0.0,0.0,0.0,0.0,0.0,0.0,0.0,0.0,0.0,0.0,0.0,0.0,0.0,0.0,0.0002673509,0.0,0.0,0.0,0.0,0.0,0.0,0.0,0.0,0.0,-0.0002762787
NT5E,0.0,0.0,0.0,0.0,-0.00019359394,0.0,0.0,0.0,0.0,0.0,0.0,0.0,0.0,0.0,0.0,0.0,0.0,0.0,0.0,0.0,0.0,0.0,0.0,0.0,0.0,0.0,0.0,0.0,0.0,0.0,0.00040326762
IDO1,0.0,0.0,0.0,0.006362538,0.0,0.0,0.0,0.0,-0.0022687842,0.0,0.0,0.0,0.0,0.0,0.0,0.0,0.0,0.0,0.0,0.0,0.0,0.0,0.0,0.0,0.0,0.0,0.0,0.0,0.0,0.0,-0.0025255908
GLS,0.0,0.0,0.0,0.0,0.0,0.0,0.0,0.0,0.00013510685,0.0,0.0,0.0,0.0,0.0,0.0,0.0,0.0,0.0,0.0,0.0,0.0,0.0,0.0,0.0,0.0,0.0,0.0,0.0,0.0,0.0,-0.00056068494
IKZF1,0.0,0.0,0.0,0.0,0.0,0.0,0.0,0.0,0.0,-0.004172056,0.0,0.0,-0.0020389357,0.0,0.0,0.0,-0.0010057988,0.0,0.0,0.0,0.0,0.0,0.0,0.0,0.0,0.0,0.0,0.0,0.0,0.0,0.0023347226
ASXL1,0.0,0.0,0.0,0.0,0.0,0.0,0.0,0.0,0.0,0.0,0.0,0.0,0.0,0.0,0.0,0.0,0.0,0.0,0.0,0.0,0.0,0.0,0.0,0.0,0.0012021463,0.0,0.0,0.0,0.0,0.0,-0.00064867473
KRT1,0.0,0.0,0.0,0.0,0.0,-0.00031693478,0.0,0.0,0.0,0.0,0.0,0.0,0.0,0.0,0.0,0.0,0.0,0.0,0.0,0.0,0.0,0.0,0.0,0.0,0.0,0.0,0.0,0.0,0.0,0.0,-2.1124682e-05
RASD1,0.0,0.00011300872,0.0,0.0,0.0,0.0,0.0,0.0,0.0,0.0,0.0,0.0,0.0,0.0,0.0,0.0,0.0,0.0,0.0,0.0,0.0,0.0,0.0,0.0,0.0,0.0,0.0,0.0,0.0,0.0,-0.00014450395
TNFAIP6,0.0,0.0,0.0,0.0,0.0,-0.0013151399,0.0,0.0,0.0,0.0,0.0,0.0,0.0,0.0,0.0,0.0,0.0,0.0,0.0,0.0,0.0,0.0,0.0,0.0,0.0,0.0,0.0,0.0,0.0,0.0,-0.0025355667
S100A4,0.0,0.0,0.032149546,0.0,0.0,0.0,0.0,0.0,0.0,0.0,0.0,0.0,0.0,0.0,0.0,0.0,0.0,0.0,0.0,0.0,0.0,0.0,0.0,0.0,0.0,0.0,0.0,0.0,0.0,0.0,-0.031796604
EHMT2,0.0,0.0,0.0,0.0,0.0,0.0,0.0,0.0,0.0,0.0,0.0,0.0,0.0,-0.00058591337,0.0,0.0,0.0,0.0,0.0,0.0,0.0,0.0,0.0,0.0,0.0,0.0,0.0,0.0,0.0,0.0,0.00045107835
MKI67,0.0,0.0,0.0,-0.00013292578,0.0,0.0,0.0,0.0,0.0,0.0,0.0,0.0,0.0,0.0,0.0,0.0,0.0,0.0,0.0,0.0,0.0,0.0,0.0,0.0,9.4523326e-05,0.0,0.0,0.0,0.0,0.0,2.3593853e-05
S100A9,0.0,0.0,0.0,0.0,-0.008590554,0.0,0.0,0.0,0.0,0.0,0.0,0.0,0.0,0.0,0.0,0.0,0.0,0.0,0.0,0.0,0.0,0.0,0.0,0.0,0.0,0.0,0.0,0.0,0.0,0.0,-0.016739562
CXCL2,0.0,0.0,0.0,0.0,-0.0040308936,0.0,0.0,0.0,0.0,0.0,0.0,0.0,0.0,0.0,0.0,0.0,0.0,0.0,0.0,0.0,0.0,0.0,0.0,0.0,0.0,0.0,0.0,0.0,0.0,0.0,-0.007112635
PDCD1,0.0,0.0,0.0,0.0,0.0,0.0,0.0,0.0,0.0,0.0,0.0,0.0,0.0,0.0,0.0,0.0,0.0,0.0,0.0,0.0,0.0,-0.0003233009,0.0,0.0,0.0,0.0,0.0,0.0,0.0,0.0,8.124982e-05
MYL4,0.0,0.0,0.0,0.0,0.0,0.0,0.0,0.0,0.0,0.0,0.0,0.0,0.0,-0.00021064014,0.0,0.0,0.0,0.0,0.0,0.0,0.0,0.0,0.0,0.0,0.0,0.0,0.0,0.0,0.0,0.0,0.00020359123
SELL,0.0,0.0,0.0,-0.0075491467,0.0,0.0,0.0,0.0,0.0,0.0,0.0,0.0,0.0,0.0,0.0,0.0,0.0,0.0,0.0,0.0,0.0,0.0,0.0,0.0,0.0,0.0,0.0,0.0,0.0,0.0,0.014439027
CXCR6,0.0,0.0,0.0,0.0,0.00019633041,0.0,0.0,0.0,0.0,0.0,0.0,0.0,0.0,0.0,0.0,0.0,0.0,0.0,0.0,0.0,0.0,0.0,0.0,0.0,0.0,0.0,0.0,0.0,0.0,0.0,0.00071434333
SFMBT1,0.0,0.0,0.0,0.0,0.0,0.0,0.0,0.0,0.0,0.0,0.0,0.0,0.0,0.00017817339,0.0,0.0,0.0,0.0,0.0,0.0,0.0,0.0,0.0,0.0,0.0,0.0,0.0,0.0,0.0,0.0,0.00091522513
CDK8,0.0,0.0,0.0,0.0,0.0,0.0,0.0,0.0,0.000865273,0.0,0.0,0.0,0.0,0.0,0.0,0.0,0.0,0.0,0.0,0.0,0.0,0.0,0.0,0.0,0.0,0.0,0.0,0.0,0.0,0.0,0.00077752967
SOD1,0.0,0.0,0.0,0.0,0.0,0.0,0.0,0.0,0.0,0.0,0.0,0.0,0.0,0.0,0.0,0.0,0.0,0.0,0.0,0.0,0.023518262,0.0,0.0,0.0,0.0,0.0,0.0,0.0,0.0,0.0,0.012508084
MCAT,0.0,0.0,0.0,0.0,0.000522996,0.0,0.0,0.0,0.0,0.0,0.0,0.0,0.0,0.0,0.0,0.0,0.0,0.0,0.0,0.0,0.0,0.0,0.0,0.0,0.0,0.0,0.0,0.0,0.0,0.0,0.0006442809
PTTG1,-0.00032865754,0.0,0.0,0.0,-0.00032575737,0.0,0.0,0.0,0.0,0.0,0.0,0.0,0.0,0.0,0.0,0.0,0.0,0.0,0.0,0.0,0.0,0.0,0.0,0.0,0.0,0.0,0.0,0.0,0.0,0.0,0.00036303623
EZH2,0.0,0.0,0.0,0.0,0.00034142053,0.0,0.0,0.0,0.0,0.0,0.0,0.0,0.0,0.0,0.0,0.0,0.0,0.0,0.0,0.0,0.0,0.0,0.0,0.0,0.0,0.0,0.0,0.0,0.0,0.0,-0.00010040137
DAPK1,0.0,0.0,0.0,0.0,-0.00059530453,0.0,0.0,0.0,0.0,0.0,0.0,0.0,0.0,0.0,0.0,0.0,0.0,0.0,0.0,0.0,0.0,0.0,0.0,0.0,0.0,0.0,0.0,0.0,0.0,0.0,-0.0005553175
ORMDL3,0.0,0.0,0.0,0.0,0.0,0.0,0.0,0.0,0.0,0.0,-0.00070614676,0.0,0.0,0.0,0.0,0.0,0.0,0.0,0.0,0.0,0.0,0.0,0.0,0.0,0.0,0.0,0.0,0.0,0.0,0.0,3.0298159e-05
NME1,0.0,0.0,0.0,0.0,0.00089351984,0.0,0.0,0.0,0.0,0.0,0.0,0.0,0.0,0.0,0.0,0.0,0.0,0.0,0.0,0.0,0.0,0.0,0.0,0.0,0.0,0.0,0.0,0.0,0.0,0.0,0.0020366923
REST,0.0,0.0,0.0,0.0,0.0,0.0,0.0,0.0,0.0021707423,0.0,0.0,0.0,0.0,0.0,0.0,0.0,0.0,0.0,0.0,0.0,0.0,0.0,0.0,0.0,0.0,0.0,0.0,0.0,0.0,0.0,0.00081743655
GADD45G,0.0,0.0,0.0,0.0,0.00020976886,0.0,0.0,0.0,0.0,0.0,0.0,0.0,0.0,0.0,0.0,0.0,0.0,0.0,0.0,0.0,0.0,0.0,0.0,0.0,0.0,0.0,0.0,0.0,0.0,0.0,-0.00024444392
OPTN,0.0,0.0,0.0,-0.0013068357,0.0,0.0,0.0,0.0,0.0,0.0,0.0,0.0,0.0,0.0,0.0,0.0,0.0,0.0,0.0,0.0,0.0,0.0,0.0,0.0,0.0,0.0,0.0,0.0,0.0,0.0,0.0008892391
RECK,0.0,0.0,0.0,0.0,3.5481073e-05,0.0,0.0,0.0,0.0,0.0,0.0,0.0,0.0,-0.00022120836,0.0,0.0,0.0,0.0,0.0,0.0,0.0,0.0,0.0,0.0,0.0,0.0,0.0,0.0,0.0,0.0,7.809787e-05
IRF9,0.0,0.0,0.0,0.0,0.0,0.0,0.0,0.0,-0.0005178084,0.0,0.0,0.0,0.0,0.0,0.0,0.00046471105,0.0,0.0,0.00028868017,0.0,0.0,0.00044831494,0.0,0.0,0.0,0.0,0.0,0.0,0.0,0.0,0.00043210722
GADD45B,0.0,0.0,0.0,0.0,0.00046682107,0.0,0.0,0.0,0.0,0.0,0.0,0.0,0.0,0.0,0.0,0.0,0.0,0.0,0.0,0.0,0.0,0.0,0.0,0.0,0.04342316,0.0,0.0,0.0,0.0,0.0,0.004354101
EOMES,0.00094344496,0.0,0.0,0.0,0.0,0.0,0.0,0.0,0.0,0.0,0.0,0.0,0.0,0.0,0.0,0.0,0.0,0.0,0.0,0.0,0.0,0.0,0.0,0.0,0.0,0.0,0.0,0.0,0.0,0.0,8.09722e-05
TERF1,0.0,0.0,0.0,0.0,0.0002877498,0.0,0.0,0.0,0.0,0.0,0.0,0.0,0.0,0.0,0.0,0.0,0.0,0.0,0.0,0.0,0.0,0.0,0.0,0.0,0.0,0.0,0.0,0.0,0.0,0.0,0.0009389928
MIF,0.0,0.0,0.0,0.0,0.00043262652,0.0,0.0,0.0,0.0,0.0,0.0,0.0,0.0,0.0,0.0,0.0,0.0,0.0,0.0,0.0,0.0,0.0,0.0,0.0,0.0,0.0,0.0,0.0,0.0,0.0,0.0015250125
DPF3,-7.4364376e-05,-4.0068786e-05,0.0,0.0,0.0,0.0,0.0,0.0,0.0,0.0,0.0,0.0,0.0,0.0,0.0,0.0,0.0,0.0,0.0,0.0,0.0,0.0,0.0,0.0,0.0,0.0,0.0,0.0,0.0,0.0,-1.0475809e-05
FTO,0.0,0.0,0.0,0.0,-0.00036600028,0.0,0.0,0.0,0.0,0.0,0.0,0.0,0.0,0.0,0.0,0.0,0.0,0.0,0.0,0.0,0.0,0.0,0.0,0.0,0.0,0.0,0.0,0.0,0.0,0.0,0.00021443426
S100A11,0.0,0.0,0.0,0.0,-0.024817381,0.0,0.0,0.0,0.0,0.0,0.0,0.0,0.0,0.0,0.0,0.0,0.0,0.0,0.0,0.0,0.0,0.0,0.0,0.0,0.0,0.0,0.0,0.0,0.0,0.0,-0.03436518
LEF1,-0.004334555,0.0,0.0,0.0,0.0,0.0,0.0,0.0,0.0,0.0,0.0,0.0,0.0,0.0,0.0,0.0,0.0,0.0,0.0,0.0,0.0,0.0,0.0,0.0,-0.0023761133,0.0,0.0,0.0,0.0,0.0,0.006155272
CLU,0.0,0.0,0.0,0.0,-0.0004812967,0.0,0.0,0.0,-0.0006011201,0.0,0.0,0.0,0.0,0.0,0.0,0.0,0.0,0.0,0.0,0.0,0.0,0.0,0.0,0.0,0.0,0.0,0.0,0.0,0.0,-0.00062307826,-0.00030308036
LAT2,0.0,0.0,0.0,0.0,0.0,0.00024659873,0.0,0.0,0.0,0.0,0.0,0.0,0.0,0.0,0.0,0.0,0.0,0.0,0.0,0.0,0.0,0.0,0.0,0.0,0.0,0.0,0.0,0.0,0.0,0.0,-0.0028370863
ZBTB20,0.0,0.0,0.0,0.0,0.0,0.0,0.0,0.0,0.0,0.0,0.0,0.0,-0.00068283384,0.0,0.0,0.0,0.0,0.0,0.0,0.0,0.0,0.0,0.0,0.0,0.0,0.0,0.0,0.0,0.0,0.0,0.0005506167
ARID5A,0.0,0.0,0.0,0.0,0.0026996504,0.0,0.0,0.0,0.0,0.0,0.0,0.0,0.0,0.0,0.0,0.0,0.0,0.0,0.0,0.0,0.0,0.0,0.0,0.0,0.0,0.0,0.0,0.0,0.0,0.0,0.0052216076
BCL2L11,5.043557e-05,0.0,0.0,0.0,0.0,0.0,0.0,0.0,0.0,0.0,0.0,0.0,0.0,0.0,0.0,0.0,0.0,0.0,0.0,0.0,0.0,0.0,0.0,0.0,0.0,0.0,0.0,0.0,0.0,0.0,-0.00023847714
PRKCE,0.0,0.0,0.0,0.0,0.0,0.0,0.0,0.0,0.00043049883,0.0,0.0,0.0,0.0,0.0,0.0,0.0,0.0,0.0,0.0,0.0,0.0,0.0,0.0,0.0,0.0,0.0,0.0,0.0,0.0,0.0,0.00015070014
KLRK1,0.0,0.0,0.0,0.0,0.00039884239,0.0,0.0,0.0,0.0,0.0,0.0,0.0,0.0,0.0,0.0,0.0,0.0,0.0,0.0,0.0,0.0,0.0,0.0,0.0,0.0,0.0,0.0,0.0,0.0,0.0,-0.0003002829
HSD17B8,0.0,-0.0007217554,0.0,0.0,0.0,0.0,0.0,0.0,0.0,0.0,0.0,0.0,0.0,0.0,0.0,0.0,0.0,0.0,0.0,0.0,0.0,0.0,0.0,0.0,0.0,0.0,0.0,0.0,0.0,0.0,0.0007579436
PARK7,0.0,0.0,0.0,0.0,0.0,0.0,0.0,0.0,0.002799519,0.0,0.0,0.0,0.0,0.0,0.0,0.0,0.0,0.0,0.0,0.0,0.0,0.0,0.0,0.0,0.0,0.0,0.0,0.0,0.0,0.0,0.001604791
GBP1,0.0,0.0,0.0,0.0,0.0,0.0,0.0,0.0,-0.005543997,0.0,0.0,0.0,0.0,0.0,0.0,0.0,0.0,0.0,0.0,0.0,0.0,0.0,0.0,0.0,0.0,0.0,0.0,0.0,0.0,0.0,-0.009471086
FASTK,0.0,0.0,0.0,0.0,0.0,0.0,0.0,0.0,0.0,0.0,0.0,0.0,0.0,-0.00067444716,0.0,0.0,0.0,0.0,0.0,0.0,0.0,0.0,0.0,0.0,0.0,0.0,0.0,0.0,0.0,0.0,-0.00010694214
CYBB,0.0,0.0,0.0,0.00028919132,-0.0012781824,0.0,0.0,0.0013655929,0.0,0.016642068,0.0,0.0,0.0,0.0,0.0,0.0,0.0,0.0,0.0,0.0,0.0,0.0,0.0,0.0,0.0,0.0,0.0,0.0,0.0,0.0,-0.0058860863
IL4R,0.0,0.0,0.0,0.0,0.0,0.0,0.0,0.0,0.0,0.0,-7.375828e-05,0.0,0.0,0.0,0.0,0.0,0.0,0.0,0.0,0.0,0.0,0.0,0.0,0.0,0.0,0.0,0.0,0.0,0.0,0.0,0.0014073425
MGMT,0.0,0.0,0.0,0.0,0.0,0.0,0.0,0.0,0.0,0.0,0.0,-4.9195834e-05,0.0,0.0,0.0,0.0,0.0,0.0,0.0,0.0,0.0,0.0,0.0,0.0,0.0,0.0,0.0,0.0,0.0,0.0,0.0013052563
MPG,0.0,0.0,0.0,0.0,0.0,0.0,0.0,0.0,0.0,0.0,0.0,0.0007022282,0.0,0.0,0.0,0.0,0.0,0.0,0.0,0.0,0.0,0.0,0.0,0.0,0.0,0.0,0.0,0.0,0.0,0.0,0.0021083083
POLB,0.0,0.0,0.0,0.0,0.0,0.0,0.0,0.0,0.0,0.0,0.0,-0.00015835631,0.0,0.0,0.0,0.0,0.0,0.0,0.0,0.0,0.0,0.0,0.0,0.0,0.0,0.0,0.0,0.0,0.0,0.0,0.00032548935
PLAU,0.0,0.0,0.0,0.0,0.0,0.0,0.0,0.0,0.0,0.0,0.0,0.0,0.0,-9.872945e-05,0.0,0.0,0.0,0.0,0.0,0.0,0.0,0.0,0.0,0.0,0.0,0.0,0.0,0.0,0.0,0.0,-3.2994627e-05
SLC2A1,0.0,0.0,0.0,0.0,0.0,0.0,0.0,0.0,0.0,0.0,0.0,0.0,0.0,5.472846e-05,0.0,0.0,0.0,0.0,0.0,0.0,0.0,0.0,0.0,0.0,0.0,0.0,0.0,0.0,0.0,0.0,-1.0823924e-05
LTA,-0.00025680577,0.0,-0.00018849036,0.0,0.0,0.0,0.0,0.0,0.0,0.0,0.0,0.0,0.0,0.0,0.0,0.0,0.0,0.0,0.0,0.0,0.0,0.0,0.0,0.0,0.0,0.0,0.0,0.0,0.0,0.0,0.00067181955
RANBP2,0.0,0.0,0.0,0.0,0.0,0.0,0.0,0.0,0.0,0.0,0.0,0.0,0.0,0.00062838546,0.0,0.0,0.0,0.0,0.0,0.0,0.0,0.0,0.0,0.0,0.0,0.0,0.0,0.0,0.0,0.0,0.00015802613
BLMH,0.0,0.0,0.0,-0.0003722511,0.0,0.0,0.0,0.00069698656,0.0,0.0,0.0,0.0,0.0,0.0,0.0,0.0,0.0,0.0,0.0,0.0,0.0,0.0,0.0,0.0,0.0,0.0,0.0,0.0,0.0,0.0,0.0008182015
GMPS,0.0,0.0,0.0,0.0,0.0,0.0,0.0,0.0,0.0,0.0,0.0,0.0,0.0,0.0,0.0,0.0,0.0,0.0,0.0,0.0,0.0,0.0,0.0,0.0,0.0,0.0,0.0,0.0,0.0,0.0008510691,0.0017875887
ATF4,0.0,0.0,0.0,0.0,0.0,0.0,0.0,0.0,0.0,0.0,0.0,0.0,0.0,0.0,0.0,0.0,0.0,0.0,0.0,-0.0013175786,0.0,0.0,0.0,0.0,0.0,0.0,0.0,0.0,0.0,0.0,-4.363067e-05
ERAP2,0.0,0.0,0.0,-0.000120668905,0.0,0.0,0.0,-0.0004250506,0.0,0.0,0.0,0.0,0.0,0.0,0.0,0.0,0.0,0.0,0.0,0.0,0.0,0.0,0.0,0.0,0.0,0.0,0.0,0.0,0.0,0.0,-0.00032482474
POLH,0.0,0.0,0.0,-0.00014957602,0.0,0.0,0.0,0.0,0.0,0.0,0.0,0.0,0.0,0.0,0.0,0.0,0.0,0.0,0.0,0.0,0.0,0.0,0.0,0.0,0.0,0.0,0.0,0.0,0.0,0.0,0.000111837966
PURA,0.0,0.0,0.0,0.0,0.0,0.0,0.0,0.0,0.0,0.0,0.0,0.0,0.0,0.0,0.0,-0.00043967133,0.0,0.0,0.0,0.0,0.0,0.0,0.0,0.0,0.0,0.0,0.0,0.0,0.0,0.0,0.00101914
MS4A1,0.0,0.0,0.0,0.0,0.0,0.0,0.0,0.0,0.0,0.0,0.0,0.0,-0.003768855,0.0,0.0,0.0,0.0,0.0,0.0,0.0,0.0,0.0,0.0,0.0,0.0,0.0,0.0,0.0,0.0,0.0,0.003446446
SP100,0.0,0.0,0.0,0.0,0.0,0.0,0.0,0.0,0.0,0.0,0.0,0.0,0.0,0.0,0.0,0.0,0.0,0.0,0.0,0.0,0.0,0.0009815914,0.0,0.0,0.0,0.0,0.0,0.0,0.0,0.0,0.0004845006
CD14,0.0,0.0,0.0,0.0,0.0,0.0,0.0,0.0,-0.0003923215,0.0,0.0,0.0,0.0,0.0,0.0,0.0,0.0,0.0,0.0,0.0,0.009305449,0.0,0.0,0.0,0.0,0.0,0.0,0.0,0.0,0.0,-0.019138435
THBD,0.0,0.0,0.0,0.0,0.0,0.0,0.0,0.0,0.0,0.0,0.0,0.0,0.0,0.0,0.0,0.0,0.0,0.0,0.0,0.0,-0.00027650985,0.0,0.0,0.0,0.0,0.0,0.0,0.0,0.0,0.0,-0.0008254709
GP1BA,0.0,0.0,0.0,0.0,0.0,-8.762776e-05,0.0,0.0,0.0,0.0,0.0,0.0,0.0,0.0,0.0,0.0,0.0,0.0,0.0,0.0,0.0,0.0,0.0,0.0,0.0,0.0,0.0,0.0,0.0,0.0,0.00016910411
ITGB2,0.0,0.0,0.0,0.0,-0.00014139785,0.00020210876,0.0,0.0,0.0,0.0,0.0,0.0,0.0,0.0,0.0,0.0,0.0,0.0,0.0,0.0,0.0,0.0,0.0,0.0,0.0,0.0,0.0,0.0,0.0,0.0,-0.00074449915
MAD2L1,0.0,0.0,0.0,0.0,0.0,2.785814e-05,0.0,0.0,0.0,0.0,0.0,0.0,0.0,0.0,0.0,0.0,0.0,0.0,0.0,0.0,0.0,0.0,0.0,0.0,0.0,0.0,0.0,0.0,0.0,0.0,0.00052346685
PIK3CD,0.0,0.0,0.0,0.0,0.0,-0.0006015504,0.0,0.0,0.0,0.0,0.0,0.0,0.0,0.0,0.0,0.0,0.0,0.0,0.0,0.0,0.0,0.0,0.0,0.0,0.0,0.0,0.0,0.0,0.0,0.0,0.0009312875
ITGA6,0.0,0.0,0.0,0.0,0.0,0.0,0.0,0.0,0.0,0.0,0.0,0.0,0.0,0.0,0.0,0.0,0.0,0.0,0.0,0.0,0.0,0.0,0.0,0.0,-0.00010770166,0.0,0.0,0.0,0.0,0.0,0.00019619714
APP,0.0,0.0,0.0,0.0,-2.0324336e-05,0.0,0.0,0.0,-6.6368957e-06,0.0,0.0,0.0,0.0,0.0,0.0,0.0,0.0,0.0,0.0,0.0,0.0,0.0,0.0,0.0,0.0,0.0,0.0,0.0,0.0,0.0,0.00038962642
CCR1,0.0,0.0,0.0,0.0,0.0,0.0,0.0,0.0,-0.0013314553,0.0,0.0,0.0,0.0,0.0,0.0,0.0,0.0,0.0,0.0,0.0,0.0,0.0,0.0,0.0,0.0,0.0,0.0,0.0,0.0,0.0,-0.0015845678
CD22,0.0,0.0,0.0,0.0,0.0,0.0,0.0,0.0,-0.00019351397,0.0,0.0,0.0,0.0,0.0,0.0,0.0,0.0,0.0,0.0,0.0,0.0,0.0,0.0,0.0,0.0,0.0,0.0,0.0,0.0,0.0,0.00010816017
CD40LG,0.0,0.0,0.0,0.0,0.0,0.0,0.0,0.0,-5.685757e-05,0.0,0.0,0.0,0.0,0.0,0.0,0.0,0.0,0.0,0.0,0.0,0.0,0.0,0.0,0.0,0.0,0.0,0.0,0.0,0.0,0.0,0.00087497395
CTSL,0.0,0.0,0.0,0.0,0.0,0.0,0.0,0.0,-0.00074576214,0.0,0.0,0.0,0.0,0.0,0.0,0.0,0.0,0.0,0.0,0.0,0.0,0.0,0.0,0.0,0.0,0.0,0.0,0.0,0.0,0.0,-0.007744859
HMOX1,0.0,0.0,0.0,0.0,-0.0031768102,0.0,0.0,0.0,-0.0030279364,0.0,0.0,0.0,0.0,0.0,0.0,0.0,0.0,0.0,0.0,0.0,0.0,0.0,0.0,0.0,0.0,0.0,0.0,0.0,0.0,0.0,-0.005570732
RCAN1,0.0,0.0,0.0,0.0,0.0,0.0,0.0,0.0,0.0,0.0,0.0,0.0,0.0,0.0,0.0,0.0,0.0,0.0,0.00019048229,0.0,0.0,0.0,0.0,0.0,0.0,0.0,0.0,0.0,0.0,0.0,-0.00018851312
CSRP1,0.0,0.0,0.0,0.0,-0.00065626745,0.0,0.0,0.0,0.0,0.0,0.0,0.0,0.0,0.0,0.0,0.0,0.0,0.0,0.0,0.0,0.0,0.0,0.0,0.0,0.0,0.0,0.0,0.0,0.0,0.0,-0.0007631503
DDIT3,0.0,0.0,0.0,0.0,-0.00032467427,0.0,0.0,0.0,0.0,0.0,0.0,0.0,0.0,0.0,0.0,0.0,0.0,0.0,0.0,0.0,0.0,0.0,0.0,0.0,0.0,0.0,0.0,0.0,0.0,0.0,0.0004931215
F2R,0.0,0.0,0.0,0.0,0.00021981187,0.0,0.0,0.0,0.0,0.0,0.0,0.0,0.0,0.0,0.0,0.0,0.0,0.0,0.0,0.0,0.0,0.0,0.0,0.0,0.0,0.0,0.0,0.0,0.0,0.0,-0.000214279
HSPB1,0.0,0.06752858,0.0,0.0,0.0015089132,0.0,0.0,0.0,-0.0010122035,0.0,0.0,0.0,0.0,0.0,0.0,0.0,0.0,0.0,0.0,0.0,0.0,0.0,0.0,0.0,0.0,0.0,0.0,0.0,0.0,0.0,-0.0018127741
S1PR1,0.0,0.0,0.0,0.0,0.00011682431,0.0,0.0,0.0,0.0,0.0,0.0,0.0,0.0,0.0,0.0,0.0,0.0,0.0,0.0,0.0,0.0,0.0,0.0,0.0,0.0,0.0,0.0,0.0,0.0,0.0,0.0011533037
CYSLTR1,0.0,0.0,0.0,0.0,0.0,0.0,0.0,0.0,0.0,0.0,-0.0006303532,0.0,0.0,0.0,0.0,0.0,0.0,0.0,0.0,0.0,0.0,0.0,0.0,0.0,0.0,0.0,0.0,0.0,0.0,0.0,0.0015278354
SIDT1,0.0,0.0,0.0,0.0,0.0,0.0,0.0,0.0,0.0,0.0,-0.00021632956,0.0,0.0,0.0,0.0,0.0,0.0,0.0,0.0,0.0,0.0,0.0,0.0,0.0,0.0,0.0,0.0,0.0,0.0,0.0,-8.0497426e-05
EIF5B,0.0,0.0,0.0,0.0,0.001459743,0.0,0.0,0.0,0.0,0.0,0.0,0.0,0.0,0.0,0.0,0.0,0.0,0.0,0.0,0.0,0.0,0.0,0.0,0.0,0.0,0.0,0.0,0.0,0.0,0.0,0.0026947637
IDE,0.0,0.0,0.0,0.0,0.0006107567,0.0,0.0,0.0,0.0,0.0,0.0,0.0,0.0,0.0,0.0,0.0,0.0,0.0,0.0,0.0,0.0,0.0,0.0,0.0,0.0,0.0,0.0,0.0,0.0,0.0,-0.00012767575
IL6ST,-0.00047147175,0.0004279872,0.0,0.0,-8.42599e-06,0.0,0.0,0.0,0.00041525174,0.0,0.0,0.0,0.0,0.0,0.0,0.0,0.0,0.0,0.0,0.0,0.0,0.0,0.0,0.0,0.0,0.0,0.0,0.0,0.0,0.0,0.0001105204
MBD1,0.0,0.0,0.0,0.0,-0.0006556681,0.0,0.0,0.0,0.0,0.0,0.0,0.0,0.0,0.0,0.0,0.0,0.0,0.0,0.0,0.0,0.0,0.0,0.0,0.0,0.0,0.0,0.0,0.0,0.0,0.0,-0.00075572095
PTGER4,0.0,0.0,0.0,0.0,0.0008107534,0.0,0.0,0.0,0.0,0.0,0.0,0.0,0.0,0.0,0.0,0.0,0.0,0.0,0.0,0.0,0.0,0.0,0.0,0.0,0.0,0.0,0.0,0.0,0.0,0.0,0.0014214595
RNF149,0.0,0.0,0.0,0.0,0.00019854019,0.0,0.0,0.0,0.0,0.0,0.0,0.0,0.0,0.0,0.0,0.0,0.0,0.0,0.0,0.0,0.0,0.0,0.0,0.0,0.0,0.0,0.0,0.0,0.0,0.0,6.2429135e-05
XBP1,0.0,0.0,0.0,0.0,-0.0001519046,0.0,0.0,0.0,0.0,0.0,0.0,0.0,0.0,0.0,0.0,0.0,0.0,0.0,0.0,0.0,0.0,0.0,0.0,0.0,0.0,0.0,0.0,0.0,0.0,0.0,0.0022886598
FOXJ1,0.0,0.0,0.0,0.0,0.0,0.0,0.0,0.0,0.0,0.0,0.0,0.0,0.0,0.0,0.0,0.0,0.0,0.0,0.0,0.0,0.0,0.0,0.0,0.0,0.0002079013,0.0,0.0,0.0,0.0,0.0,0.00033958204
CHORDC1,-0.0010211548,0.014622191,0.0,0.0,0.0,0.0,0.0,0.0,0.0,0.0,0.0,0.0,0.0,0.0,0.0,0.0,0.0,0.0,0.0,0.0,0.0,0.0,0.0,0.0,0.0,0.0,0.0,0.0,0.0,0.0,0.0013934044
GLUL,0.0051644836,0.015455874,0.0,0.0,0.0,0.0,0.0,0.0,0.0,0.0,0.0,0.0,0.0,0.0,0.0,0.0,0.0,0.0,0.0,0.0,0.0,0.0,0.0,0.0,0.0,0.0,0.0,0.0,0.0,0.0,-0.012364863
GRK5,-0.0004360332,-0.0005855652,0.0,0.0,0.0,0.0,0.0,0.0,0.0,0.0,0.0,0.0,0.0,0.0,0.0,0.0,0.0,0.0,0.0,0.0,0.0,0.0,0.0,0.0,0.0,0.0,0.0,0.0,0.0,0.0,0.000836341
RGS16,0.00044751074,0.00090073317,0.0,0.0,0.0,0.0,0.0,0.0,0.0,0.0,0.0,0.0,0.0,0.0,0.0,0.0,0.0,0.0,0.0,0.0,0.0,0.0,0.0,0.0,0.0,0.0,0.0,0.0,0.0,0.0,0.0004974951
SSR3,-0.000551462,0.0015428625,0.0,0.0,0.0,0.0,0.0,0.0,0.0,0.0,0.0,0.0,0.0,0.0,0.0,0.0,0.0,0.0,0.0,0.0,0.0,0.0,0.0,0.0,0.0,0.0,0.0,0.0,0.0,0.0,-0.0014834781
TXNRD3,0.0003988202,0.00019112666,0.0,0.0,0.0,0.0,0.0,0.0,0.0,0.0,0.0,0.0,0.0,0.0,0.0,0.0,0.0,0.0,0.0,0.0,0.0,0.0,0.0,0.0,0.0,0.0,0.0,0.0,0.0,0.0,-3.1809086e-05
IFI6,0.0,0.0,0.0,0.0,0.0,0.0,0.0,0.0,-0.002943846,0.0,0.0,0.0,0.0,0.0,0.0,0.0,0.0,0.0,0.0,0.0,0.0,0.0,0.0,0.0,0.0,0.0,0.0,0.0,0.0,0.0,-0.002880381
IFITM1,0.0,0.0,0.0,0.0,0.0,0.0,0.0,0.0,-0.00023824559,0.0,0.0,0.0,0.0,0.0,0.0,0.0,0.0,0.0,0.0,0.0,0.0,0.0,0.0,0.0,0.0,0.0,0.0,0.0,0.0,0.0,0.0009778056
ISG20,0.0,0.0,0.0,0.0,0.0,0.0,0.0,0.0,0.009201733,0.0,0.0,0.0,0.0,0.0,0.0,0.0,0.0,0.0,0.0,0.0,0.0,0.0,0.0,0.0,0.0,0.0,0.0,0.0,0.0,0.0,0.0063917562
GBP5,0.0,0.0,0.0,-0.0003878047,0.0,0.0,0.0,0.0,0.0,0.0,0.0,0.0,0.0,0.0,0.0,0.0,0.0,0.0,0.0,0.0,0.0,0.0,0.0,0.0,0.0,0.0,0.0,0.0,0.0,0.0,-0.0029832423
ADAM10,0.0,0.0,0.0,0.0,0.0,0.0,0.0,0.0,0.0,0.0,0.0,0.0,0.0,0.0,0.0,0.0,0.0,0.0,0.0,0.0,0.0,0.0,0.0,0.0,-0.0008796648,0.0,0.0,0.0,0.0,0.0,0.00029172277
PIM2,-0.0012899324,0.0,0.0,0.0,0.0,0.0,0.0,0.0,0.0,0.0,0.0,0.0,0.0,0.0,0.0,0.0,0.0,0.0,0.0,0.0,0.0,0.0,0.0,0.0,0.0,0.0,0.0,0.0,0.0,0.0,0.0025393602
DNMT3A,-8.058753e-05,0.0,0.0,0.0,0.0,0.0,0.0,0.0,0.0,0.0,0.0,0.0,0.0,0.0,0.0,0.0,0.0,0.0,0.0,0.0,0.0,0.0,0.0,0.0,0.0,0.0,0.0,0.0,0.0,0.0,-0.00029589003
HBA2,0.0008138937,0.0,0.0,0.0,0.0,0.0,0.0,0.0,0.0,0.0,0.0,0.0,0.0,0.0,0.0,0.0,0.0,0.0,0.0,0.0,0.0,0.0,0.0,0.0,0.0,0.0,0.0,0.0,0.0,0.0,0.0014505421
HSPA1B,0.0,0.0,0.0,0.0,4.7815432e-05,0.0,0.0,0.0,0.0,0.0,0.0,0.0,0.0,0.0,0.0,0.0,0.0,0.0,0.0,0.0,0.0,0.0,0.0,0.0,0.0,0.0,0.0,0.0,0.0,0.0,0.00013571393
CASP3,0.0,0.0,0.0,0.0,-0.00063118263,0.0,0.0,0.0,0.0005154619,0.0,0.0,0.0,0.0,0.0,0.0,0.0,0.0,0.0,0.0,0.0,0.0,0.0,0.0,0.0,0.0,0.0,0.0,0.0,0.0,0.0,-0.00045811626
FBXO32,0.0,0.0,0.0,0.0,-0.00033006966,0.0,0.0,0.0,0.0,0.0,0.0,0.0,0.0,0.0,0.0,0.0,0.0,0.0,0.0,0.0,0.0,0.0,0.0,0.0,0.0,0.0,0.0,0.0,0.0,0.0,0.00037173592
ANKRD26,0.0,0.0,0.0,0.0,0.0,0.00011638678,0.0,0.0,0.0,0.0,0.0,0.0,0.0,0.0,0.0,0.0,0.0,0.0,0.0,0.0,0.0,0.0,0.0,0.0,0.0,0.0,0.0,0.0,0.0,0.0,0.00047801295
FST,0.0,0.0,0.0,0.0,0.0,0.0,0.0,0.0,0.0,0.0,0.0,0.0,0.0,-3.0986972e-05,0.0,0.0,0.0,0.0,0.0,0.0,0.0,0.0,0.0,0.0,0.0,0.0,0.0,0.0,0.0,0.0,0.00023926745
PJA1,0.0,0.0,0.0,0.0,0.0,0.0,0.0,0.0,0.0,0.0,0.0,0.0,0.0,-0.00022981716,0.0,0.0,0.0,0.0,0.0,0.0,0.0,0.0,0.0,0.0,0.0,0.0,0.0,0.0,0.0,0.0,7.493396e-05
TGFB2,0.0,0.0,0.0,0.0,0.0,0.0,0.0,0.0,0.0,-6.134817e-06,0.0,0.0,0.0,0.0,0.0,0.0,0.0,0.0,0.0,0.0,0.0,0.0,0.0,0.0,0.0,0.0,0.0,0.0,0.0,0.0,7.704613e-05
CCL7,0.0,0.0,0.0,0.0,0.0,0.0,0.0,0.0,0.0,0.0,0.013445588,0.0,0.0,0.0,0.0,0.0,0.0,0.0,0.0,0.0,0.0,0.0,0.0,0.0,0.0,0.0,0.0,0.0,0.0,0.0,-3.3649987e-05
CCL13,0.0,0.0,0.0,0.0,0.0,0.0,0.0,0.0,0.0,0.0,0.0005067218,0.0,0.0,0.0,0.0,0.0,0.0,0.0,0.0,0.0,0.0,0.0,0.0,0.0,0.0,0.0,0.0,0.0,0.0,0.0,9.048653e-05
CCL8,0.0009856842,0.0,0.0,0.0,0.00039870283,0.0,0.0,0.0,0.0009209699,0.0,0.00017674491,0.0,0.0,0.0,0.0,0.0,0.0,0.0,0.0,0.0,0.0,0.0,0.0,0.0,0.0,0.0,0.0,0.0,0.0,0.0,0.00054092903
CASP9,0.0,0.0,0.0,9.446042e-05,0.0,0.0,0.0,0.0,0.0,0.0,0.0,0.0,0.0,0.0,0.0,0.0,0.0,0.0,0.0,0.0,0.0,0.0,0.0,0.0,0.0,0.0,0.0,0.0,0.0,0.0,0.0012034709
C1R,0.0,0.0,0.0,-3.6443747e-05,0.0,0.0,0.0,0.0,0.0,0.0,0.0,0.0,0.0,0.0,0.0,0.0,0.0,0.0,0.0,0.0,0.0,0.0,0.0,0.0,0.0,0.0,0.0,0.0,0.0,0.0,-4.314335e-05
CXCL1,0.0,0.0,0.0,0.0,0.0,0.0,0.0,0.0,0.0,0.0,0.0,0.0,0.0,0.0,0.0,0.008820238,0.0,0.0,0.0,0.0,0.0,0.0,0.0,0.0,0.0,0.0,0.0,0.0,0.0,0.0,-0.002320825
PTPN22,0.0,0.0,0.0,0.0,0.0,0.0,0.0,0.0,0.0,0.0,0.0,0.0,0.0,0.0,0.0,0.0,-0.0005319158,0.0,0.0,0.0,0.0,0.0,0.0,0.0,0.0,0.0,0.0,0.0,0.0,0.0,0.0013410725
AQP3,0.0,0.0,0.0,0.0,0.0,0.0,0.0,0.0,0.0,0.0,0.0,0.0,0.0,0.0,0.0,0.0,0.0,0.0,0.0,0.0,-0.0001494685,0.0,0.0,0.0,0.0,0.0,0.0,0.0,0.0,0.0,0.001970618
RBM38,0.0,0.0,0.0,0.0,0.0,0.0,0.0,0.0,0.0,0.0,0.0,0.0,0.0,-0.0007553297,0.0,0.0,0.0,0.0,0.0,0.0,0.0,0.0,0.0,0.0,0.0,0.0,0.0,0.0,0.0,0.0,0.0018843061
INPP5K,0.0,0.0,0.0,0.0,0.0,0.0,0.0,0.0,0.0,0.0,0.0,0.0,0.0,0.0002953052,0.0,0.0,0.0,0.0,0.0,0.0,0.0,0.0,0.0,0.0,0.0,0.0,0.0,0.0,0.0,0.0,0.0008326311
CD160,0.0,0.0,0.0,0.0,0.0,-5.5214354e-05,0.0,0.0,0.0,0.0,0.0,0.0,0.0,0.0,0.0,0.0,0.0,0.0,0.0,0.0,0.0,0.0,0.0,0.0,0.0,0.0,0.0,0.0,0.0,0.0,0.00016666106
CASP2,0.0,0.0,0.0,0.0,0.0,0.0,0.0,0.0,-0.00013724319,0.0,0.0,0.0,0.0,0.0,0.0,0.0,0.0,0.0,0.0,0.0,0.0,0.0,0.0,0.0,0.0,0.0,0.0,0.0,0.0,0.0,0.00048449627
NCL,0.0,0.0,0.0,0.0,0.0,0.0,0.0,0.0,0.0034123778,0.0,0.0,0.0,0.0,0.0,0.0,0.0,0.0,0.0,0.0,0.0,0.0,0.0,0.0,0.0,0.0,0.0,0.0,0.0,0.0,0.0,0.0014916789
CH25H,0.0,0.0,0.0,0.0,0.0,0.0,0.0,0.0,-0.00025938492,0.0,0.0,0.0,0.0,0.0,0.0,0.0,0.0,0.0,0.0,0.0,0.0,0.0,0.0,0.0,0.0,0.0,0.0,0.0,0.0,0.0,-0.0001086679
RALGDS,0.0,0.0,0.0,0.0,-0.00036586012,0.0,0.0,0.0,0.0,0.0,0.0,0.0,0.0,0.0,0.0,0.0,0.0,0.0,0.0,0.0,0.0,0.0,0.0,0.0,0.0,0.0,0.0,0.0,0.0,0.0,-3.1471765e-05
CST3,0.0,0.0,0.0,0.0,-0.011518525,0.0,0.0,0.0,0.0,0.0,0.0,0.0,0.0,0.0,0.0,0.0,0.0,0.0,0.0,0.0,0.0,0.0,0.0,0.0,0.0,0.0,0.0,0.0,0.0,0.0,-0.028982973
RORC,0.0,0.0,0.0,0.0,-6.6063703e-06,0.0,0.0,0.0,0.0,0.0,0.0,0.0,0.0,0.0,0.0,0.0,0.0,0.0,0.0,0.0,0.0,0.0,0.0,0.0,0.0,0.0,0.0,0.0,0.0,0.0,7.0774826e-05
CD9,0.0,0.0,0.0,0.0,-0.005147637,0.0,0.0,0.0,0.0,0.0,0.0,0.0,0.0,0.0,0.0,0.0,0.0,0.0,0.0,0.0,0.0,0.0,0.0,0.0,0.0,0.0,0.0,0.0,0.0,0.0,-0.0103311045
ENO2,0.0,0.0,0.0,0.0,-0.0002126605,0.0,0.0,0.0,0.0,0.0,0.0,0.0,0.0,0.0,0.0,0.0,0.0,0.0,0.0,0.0,0.0,0.0,0.0,0.0,0.0,0.0,0.0,0.0,0.0,0.0,0.00038445706
GABPA,0.0,0.0,0.0,0.0,-0.00025976225,0.0,0.0,0.0,0.0,0.0,0.0,0.0,0.0,0.0,0.0,0.0,0.0,0.0,0.0,0.0,0.0,0.0,0.0,0.0,0.0,0.0,0.0,0.0,0.0,0.0,0.00010092241
EED,0.0,0.0,0.0,0.0,-0.00011039399,0.0,0.0,0.0,0.0,0.0,0.0,0.0,0.0,0.0,0.0,0.0,0.0,0.0,0.0,0.0,0.0,0.0,0.0,0.0,0.0,0.0,0.0,0.0,0.0,0.0,0.0018173389
FASN,2.7057875e-05,0.0,0.0,0.0,0.00021868474,0.0,0.0,0.0,0.0,0.0,0.0,0.0,0.0,0.0,0.0,0.0,0.0,0.0,0.0,0.0,0.0,0.0,0.0,0.0,0.0,0.0,0.0,0.0,0.0,0.0,-0.000400545
IL12RB2,0.0,0.0,-9.507581e-05,0.0,0.0,0.0,0.0,0.0,0.0,0.0,0.0,0.0,0.0,0.0,0.0,0.0,0.0,0.0,0.0,0.0,0.0,0.0,0.0,0.0,0.0,0.0,0.0,0.0,0.0,0.0,-7.70684e-05
AKR1C1,0.0,-0.00015898007,0.0,0.0,0.0,0.0,0.0,0.0,0.0,0.0,0.0,0.0,0.0,0.0,0.0,0.0,0.0,0.0,0.0,0.0,0.0,0.0,0.0,0.0,0.0,0.0,0.0,0.0,0.0,0.0,0.0006950615
IRS2,0.0,0.0,0.0,0.0,0.0,0.0,0.0,0.0,0.0,0.0,-0.00079099025,0.0,0.0,0.0,0.0,0.0,0.0,0.0,0.0,0.0,0.0,0.0,0.0,0.0,0.0,0.0,0.0,0.0,0.0,0.0,-5.150431e-05
CCR4,0.0,0.0,0.0,0.0,0.0,0.0,0.0,0.0,0.0,0.0,4.756092e-05,0.0,0.0,0.0,0.0,0.0,0.0,0.0,0.0,0.0,0.0,0.0,0.0,0.0,0.0,0.0,0.0,0.0,0.0,0.0,9.713009e-05
F3,0.0,0.0,0.0,0.0,0.0,0.0,0.0,0.0,0.0,0.0,0.0,0.0,0.0,0.0,0.0,0.0,0.0,0.0,0.0,0.0,0.00040697266,0.0,0.0,0.0,0.0,0.0,0.0,0.0,0.0,0.0,0.00014720084
GATA6,0.0,0.0,0.0,0.0,0.0,0.0,0.0,0.0,0.0,0.0,0.0,0.0,0.0,0.0,0.0,0.0,0.0,0.0,0.0,0.0,0.0,0.0,0.0,0.0,-4.891112e-05,0.0,0.0,0.0,0.0,0.0,2.542744e-05
TULP3,0.0,0.0,0.0,0.0,0.0,0.0,0.0,0.0,0.0,0.0,0.0,0.0,0.0,0.0,0.0,0.0,0.0,0.0,0.0,0.0,0.0,0.0,0.0,0.0,0.00069276185,0.0,0.0,0.0,0.0,0.0,4.4040848e-05
C16orf54,0.0,0.0,0.0,0.0,0.0,-0.00050462363,0.0,0.0,0.0,0.0,0.0,0.0,0.0,0.0,0.0,0.0,0.0,0.0,0.0,0.0,0.0,0.0,0.0,0.0,0.0,0.0,0.0,0.0,0.0,0.0,-4.2075982e-05
IGLL5,0.0,0.0,0.0,0.0,0.0,0.0022315031,0.0,0.0,0.0,0.0,0.0,0.0,0.0,0.0,0.0,0.0,0.0,0.0,0.0,0.0,0.0,0.0,0.0,0.0,0.0,0.0,0.0,0.0,0.0,0.0,0.0010815803
IKZF3,0.0,0.0,0.0,0.0,0.0,0.0001313273,0.0,0.0,0.0,0.0,0.0,0.0,0.0,0.0,0.0,0.0,0.0,0.0,0.0,0.0,0.0,0.0,0.0,0.0,0.0,0.0,0.0,0.0,0.0,0.0,-0.00012301122
CLDN5,0.0,0.0,0.0,0.0,0.0,2.6167534e-05,0.0,0.0,0.0,0.0,0.0,0.0,0.0,0.0,0.0,0.0,0.0,0.0,0.0,0.0,0.0,0.0,0.0,0.0,0.0,0.0,0.0,0.0,0.0,0.0,-6.949887e-06
TNFRSF18,0.0,0.0,0.0,0.0,0.0,0.0016635876,0.0,0.0,0.0,0.0,0.0,0.0,0.0,0.0,0.0,0.0,0.0,0.0,0.0,0.0,0.0,0.0,0.0,0.0,0.0,0.0,0.0,0.0,0.0,0.0,0.001535841
CD2,0.0,0.0,0.0,0.0,0.0,-0.0019720607,0.0,0.0,0.0,0.0,0.0,0.0,0.0,0.0,0.0,0.0,0.0,0.0,0.0,0.0,0.0,0.0,0.0,0.0,0.0,0.0,0.0,0.0,0.0,0.0,0.012787947
MICB,0.0,0.0,0.0,0.0,0.0005069669,0.0,0.0,0.0,0.0,0.0,0.0,0.0,0.0,0.0,0.0,0.0,0.0,0.0,0.0,0.0,0.0,0.0,0.0,0.0,0.0,0.0,0.0,0.0,0.0,0.0,-0.00031677083
EGR1,0.0,0.0,0.0,0.0,0.00040594133,0.0,0.0,0.0,0.0,0.0,0.0,0.0,0.0,0.0,0.0,0.0,0.0,0.0,0.0,0.0,0.0,0.0,0.0,0.0,0.0,0.0,0.0,0.0,0.0,0.0,-0.000434236
STK35,0.0,0.0,0.0,0.0,-0.00018494614,0.0,0.0,0.0,0.0,0.0,0.0,0.0,0.0,0.0,0.0,0.0,0.0,0.0,0.0,0.0,0.0,0.0,0.0,0.0,0.0,0.0,0.0,0.0,0.0,0.0,0.0003061617
WWTR1,0.0,0.0,0.0,0.0,3.6231657e-05,0.0,0.0,0.0,0.0,0.0,0.0,0.0,0.0,0.0,0.0,0.0,0.0,0.0,0.0,0.0,0.0,0.0,0.0,0.0,0.0,0.0,0.0,0.0,0.0,0.0,5.984605e-05
IGFBP2,0.0,0.0,0.0,0.0,5.1518728e-06,0.0,0.0,0.0,0.0,0.0,0.0,0.0,0.0,0.0,0.0,0.0,0.0,0.0,0.0,0.0,0.0,0.0,0.0,0.0,0.0,0.0,0.0,0.0,0.0,0.0,7.652489e-05
POLR2H,0.0,0.0,0.0,0.0,0.0010911181,0.0,0.0,0.0,0.0,0.0,0.0,0.0,0.0,0.0,0.0,0.0,0.0,0.0,0.0,0.0,0.0,0.0,0.0,0.0,0.0,0.0,0.0,0.0,0.0,0.0,0.0023245076
ANK1,0.0,0.0,0.0,0.0,0.0,0.0,0.0,0.0,0.0,0.0,0.0,0.0,0.0,-7.0635855e-05,0.0,0.0,0.0,0.0,0.0,0.0,0.0,0.0,0.0,0.0,0.0,0.0,0.0,0.0,0.0,0.0,-1.7603885e-05
GPR146,0.0,0.0,0.0,0.0,0.0,0.0,0.0,0.0,-0.000123591,0.0,0.0,0.0,0.0,0.0,0.0,-5.5411696e-05,0.0,0.0,0.0,0.0,0.0,0.0,0.0,0.0,0.0,0.0,0.0,0.0,0.0,0.0,1.7694701e-05
AIM2,0.0,0.0,0.0,0.0,0.0,0.0,0.0,0.0,8.19275e-05,0.0,0.0,0.0,0.0,0.0,0.0,0.0,0.0,0.0,0.0,0.0,0.0,0.0,0.0,0.0,0.0,0.0,0.0,0.0,0.0,0.0,-0.0003206649
ATG4C,0.0,0.0,0.0,0.0,0.0,0.0,0.0,0.0,0.0004432593,0.0,0.0,0.0,0.0,0.0,0.0,0.0,0.0,0.0,0.0,0.0,0.0,0.0,0.0,0.0,0.0,0.0,0.0,0.0,0.0,0.0,0.00038764536
CREM,0.0,0.0,0.0,0.0,0.0,0.0,0.0,0.0,0.020736037,0.0,0.0,0.0,0.0,0.0,0.0,0.0,0.0,0.0,0.0,0.0,0.0,0.0,0.0,0.0,0.0,0.0,0.0,0.0,0.0,0.0,0.015429747
DCLRE1C,0.0,0.0,0.0,0.0,0.0,0.0,0.0,0.0,-8.6934204e-05,0.0,0.0,0.0,0.0,0.0,0.0,0.0,0.0,0.0,0.0,0.0,0.0,0.0,0.0,0.0,0.0,0.0,0.0,0.0,0.0,0.0,0.00018675352
DDX50,0.0,0.0,0.0,0.0,0.0,0.0,0.0,0.0,0.00033309273,0.0,0.0,0.0,0.0,0.0,0.0,0.0,0.0,0.0,0.0,0.0,0.0,0.0,0.0,0.0,0.0,0.0,0.0,0.0,0.0,0.0,0.0017964927
DIMT1,0.0,0.0,0.0,0.0,0.0,0.0,0.0,0.0,0.00063075515,0.0,0.0,0.0,0.0,0.0,0.0,0.0,0.0,0.0,0.0,0.0,0.0,0.0,0.0,0.0,0.0,0.0,0.0,0.0,0.0,0.0,0.0015980765
GSTK1,0.0,0.0,0.0,0.0,0.0,0.0,0.0,0.0,-0.00057973544,0.0,0.0,0.0,0.0,0.0,0.0,0.0,0.0,0.0,0.0,0.0,0.0,0.0,0.0,0.0,0.0,0.0,0.0,0.0,0.0,0.0,0.0002619275
INO80,0.0,0.0,0.0,0.0,0.0,0.0,0.0,0.0,-0.00014476101,0.0,0.0,0.0,0.0,0.0,0.0,0.0,0.0,0.0,0.0,0.0,0.0,0.0,0.0,0.0,0.0,0.0,0.0,0.0,0.0,0.0,9.300439e-05
KIF2A,0.0,0.0,0.0,0.0,0.0,0.0,0.0,0.0,0.0010493558,0.0,0.0,0.0,0.0,0.0,0.0,0.0,0.0,0.0,0.0,0.0,0.0,0.0,0.0,0.0,0.0,0.0,0.0,0.0,0.0,0.0,0.0019287834
MAN1A1,0.0,0.0,0.0,0.0,0.0,0.0,0.0,0.0,-0.0001438543,0.0,0.0,0.0,0.0,0.0,0.0,0.0,0.0,0.0,0.0,0.0,0.0,0.0,0.0,0.0,0.0,0.0,0.0,0.0,0.0,0.0,-8.8872584e-05
MED16,0.0,0.0,0.0,0.0,0.0,0.0,0.0,0.0,-0.00010062048,0.0,0.0,0.0,0.0,0.0,0.0,0.0,0.0,0.0,0.0,0.0,0.0,0.0,0.0,0.0,0.0,0.0,0.0,0.0,0.0,0.0,0.0001953209
MTMR9,0.0,0.0,0.0,0.0,0.0,0.0,0.0,0.0,0.00020768042,0.0,0.0,0.0,0.0,0.0,0.0,0.0,0.0,0.0,0.0,0.0,0.0,0.0,0.0,0.0,0.0,0.0,0.0,0.0,0.0,0.0,0.0006711308
PPIP5K2,0.0,0.0,0.0,0.0,0.0,0.0,0.0,0.0,3.3133507e-05,0.0,0.0,0.0,0.0,0.0,0.0,0.0,0.0,0.0,0.0,0.0,0.0,0.0,0.0,0.0,0.0,0.0,0.0,0.0,0.0,0.0,2.1447417e-05
PWP2,0.0,0.0,0.0,0.0,0.0,0.0,0.0,0.0,9.706979e-05,0.0,0.0,0.0,0.0,0.0,0.0,0.0,0.0,0.0,0.0,0.0,0.0,0.0,0.0,0.0,0.0,0.0,0.0,0.0,0.0,0.0,0.0006830386
SEMA4B,0.0,0.0,0.0,0.0,0.0,0.0,0.0,0.0,-0.00018508021,0.0,0.0,0.0,0.0,0.0,0.0,0.0,0.0,0.0,0.0,0.0,0.0,0.0,0.0,0.0,0.0,0.0,0.0,0.0,0.0,0.0,7.178269e-05
SNRNP27,0.0,0.0,0.0,0.0,0.0,0.0,0.0,0.0,0.0006359682,0.0,0.0,0.0,0.0,0.0,0.0,0.0,0.0,0.0,0.0,0.0,0.0,0.0,0.0,0.0,0.0,0.0,0.0,0.0,0.0,0.0,-0.0001001809
UBR1,0.0,0.0,0.0,0.0,0.0,0.0,0.0,0.0,-0.0003666638,0.0,0.0,0.0,0.0,0.0,0.0,0.0,0.0,0.0,0.0,0.0,0.0,0.0,0.0,0.0,0.0,0.0,0.0,0.0,0.0,0.0,0.00039191623
ZC3HAV1,0.0,0.0,0.0,0.0,0.0,0.0,0.0,0.0,0.00047008292,0.0,0.0,0.0,0.0,0.0,0.0,0.0,0.0,0.0,0.0,0.0,0.0,0.0,0.0,0.0,0.0,0.0,0.0,0.0,0.0,0.0,0.00035420447
ZNF181,0.0,0.0,0.0,0.0,0.0,0.0,0.0,0.0,0.00059221947,0.0,0.0,0.0,0.0,0.0,0.0,0.0,0.0,0.0,0.0,0.0,0.0,0.0,0.0,0.0,0.0,0.0,0.0,0.0,0.0,0.0,0.0006445009
ZNF230,0.0,0.0,0.0,0.0,0.0,0.0,0.0,0.0,0.0005396183,0.0,0.0,0.0,0.0,0.0,0.0,0.0,0.0,0.0,0.0,0.0,0.0,0.0,0.0,0.0,0.0,0.0,0.0,0.0,0.0,0.0,-0.0006709078
ZNF302,0.0,0.0,0.0,0.0,0.0,0.0,0.0,0.0,0.00057418994,0.0,0.0,0.0,0.0,0.0,0.0,0.0,0.0,0.0,0.0,0.0,0.0,0.0,0.0,0.0,0.0,0.0,0.0,0.0,0.0,0.0,0.00075364916
ZNF655,0.0,0.0,0.0,0.0,0.0,0.0,0.0,0.0,-0.0006879642,0.0,0.0,0.0,0.0,0.0,0.0,0.0,0.0,0.0,0.0,0.0,0.0,0.0,0.0,0.0,0.0,0.0,0.0,0.0,0.0,0.0,0.00034103237
PRR5L,0.0,0.0,0.0,0.0,0.0,0.00044684298,0.0,0.0,0.0,0.0,0.0,0.0,0.0,0.0,0.0,0.0,0.0,0.0,0.0,0.0,0.0,0.0,0.0,0.0,0.0,0.0,0.0,0.0,0.0,0.0,0.0004981145
