,STAT5A,STAT5B,STAT4,IRF1,STAT3,IRF2,STAT1,IRF8,STAT6,IRF4,IRF3,IRF5,STAT2,IRF7,IRF9,IRF6,unannotated_1
IL2,0.004221446,0.0030770202,0.0,0.0,0.0008815259,0.00082596735,0.0,0.0,0.0,0.004160804,0.00095282396,0.0,2.170509e-05,9.4654715e-05,1.4973905e-06,2.2717668e-07,0.0031887526
IRF1,0.007291776,0.003658044,0.0142569635,0.0059086047,0.008682871,0.0041111503,0.0061020874,0.0037864621,0.009399137,0.016725425,0.006302782,9.200942e-05,0.007374043,0.0,0.0,0.0,0.013191514
CCND1,0.003977578,0.0047027366,0.0,0.0037209624,0.0028959315,0.0,0.0029872574,0.000113665534,0.0,0.0,0.0,0.0,0.00068242784,0.0,0.0015161284,0.00020696824,0.0038927454
PRF1,0.048943833,0.006100589,0.006155932,0.0,0.003718461,3.603131e-05,0.0073791062,0.0,1.0105889e-05,0.0,0.0003217264,0.0,0.0,0.0,0.00011727539,0.00023761658,0.010289567
IFNG,0.008097936,0.0065784566,0.00780425,0.006246521,0.006558892,0.0036799253,0.00546973,0.005511596,0.0034694674,0.0067223376,0.0021325003,0.004350355,0.00705081,0.00044874605,0.006142613,0.0,0.006860353
SMC3,0.0,0.0001486326,0.00041393706,0.0,0.0,0.00490042,1.2213427e-07,0.0,0.00069312355,1.3676629e-05,0.0004854047,0.0,0.0,0.00047136424,0.0,0.0006413844,0.0025138904
IRF8,0.0054962207,0.0,0.0,0.0050472,0.0,7.4693935e-06,0.00450522,0.006030803,0.0,0.0,0.00014573804,0.002303067,0.0,0.0,9.1016926e-05,0.0,0.014517109
IRF2,3.5742862e-06,0.0,3.4024815e-06,0.0014370261,0.0014655475,0.0057184696,0.00428136,7.4456666e-06,2.812831e-06,0.0,4.5367946e-05,0.0,0.0,0.0,0.0,1.1610028e-06,0.0064482833
IFNB1,0.0,5.0749563e-08,0.0,0.0024432673,2.1173214e-07,0.0068543144,0.0015226536,0.0036002651,0.0,0.007522682,0.0023058478,0.0039400095,0.0019386978,0.0019361216,0.0049026357,0.0,0.0034539322
CCL4,0.0,0.0,0.0,0.012579066,1.1819747e-07,0.0,0.0,1.0624494e-05,5.318308e-07,0.0,0.0,0.033428755,0.0,0.0,0.0,0.0,0.005825531
SOCS3,0.006523586,0.004107799,0.0055175084,0.00016254764,0.008261524,0.0,0.007703873,0.0,0.0072572203,7.2563475e-05,0.0,9.589334e-05,6.599631e-05,0.0,0.0,6.9375885e-05,0.013166119
CD40,0.0,1.1868143e-07,5.4192556e-06,0.0051383777,0.0004934502,4.9459723e-05,0.0059327055,0.0,0.013462696,5.53019e-07,5.8204594e-05,7.4472024e-05,0.0,0.00033349326,0.0005469664,0.0,0.005019685
TNF,0.003225572,0.0,0.0061463513,0.0026035819,0.0047221133,0.002439641,0.0054322784,0.008139332,0.0055072755,0.0044920533,0.003199302,0.0064518494,0.0,0.00046775315,0.0002062289,4.6425703e-05,0.0052789315
IL18,0.0036095665,0.0,0.0,0.0036464978,0.0,2.7085538e-05,0.00040632818,0.0046076304,0.0,5.862639e-05,0.0,1.8011283e-06,0.0,0.0011280816,0.00080018514,9.622683e-05,0.0023401752
OSM,0.005958078,0.0022655355,0.0002858357,0.0,0.0043337373,7.709692e-06,0.011168987,0.0,0.0,2.8495447e-07,5.290046e-05,3.682178e-05,0.0,0.0,0.0,0.00010183466,0.0049599065
HSPA4,6.930306e-05,0.0,0.0,0.005359481,0.0022819142,0.0,0.0045407,0.0003589083,9.713309e-08,0.0,8.6711125e-08,0.0,0.0,0.0,1.8216947e-07,0.0,0.0036077772
HSP90AB1,0.00043948524,5.032887e-07,0.0,0.00012535707,0.02453571,0.0,8.296535e-07,0.0,0.0,0.0,0.0,9.6056465e-06,0.0,0.0,0.0,4.7035624e-07,0.03633067
IL1B,0.0,0.0,0.0,0.004111146,0.0037681907,0.0057977745,0.01490703,0.0042530373,0.0,0.011031029,0.0,0.0075454484,6.0504124e-07,6.1070295e-06,0.00018542045,0.0013183414,0.008133117
STAT5A,0.0015358767,0.003476799,0.0,0.0010276998,0.003954614,0.0,0.0,4.0672385e-06,0.00018908718,0.0003736246,0.00035543376,0.0,0.0,0.0,0.0,1.601248e-05,0.004864887
IL7R,0.016902551,1.0716425e-06,0.0,0.0,6.055894e-06,0.0,0.0,0.0,0.0,4.8351385e-06,0.00017082292,0.0001850982,2.2508704e-05,0.0,0.0,0.00015349593,0.02903007
JUNB,0.0,0.00046563547,0.00020328084,0.0,0.017713256,5.661143e-06,9.1405997e-07,0.0,0.0,0.0,4.6788668e-05,0.0,1.544428e-05,0.0,0.0,1.1143195e-06,0.013298924
SLPI,0.0036866353,0.007508437,0.0,0.0047969143,0.006561386,1.8861725e-05,0.0023243336,0.0,0.0,0.00025200815,1.655017e-05,0.0,0.00012865601,0.0,0.0,6.392352e-05,0.008734735
FOS,0.0038650853,1.6382923e-05,0.0,0.0,0.007261159,0.0,0.01368989,0.0,0.013890954,0.0,0.0,0.00048816975,0.0,0.0,0.0,0.0,0.0071135988
CAMK4,2.9711733e-05,0.0,0.00038182034,0.0073801284,0.00056762405,0.0035616786,1.5868709e-05,0.0,0.00018837862,2.7994613e-06,0.0,0.00058488676,0.00026295206,0.0,3.436581e-05,0.0,0.00538522
LGALS3,0.0,1.7689322e-07,2.1089076e-05,0.006965724,9.258736e-05,0.010507384,0.053457618,0.0,0.0,0.0,0.0,0.0,0.00039673687,0.0,0.0,0.0,0.028568089
IL6,0.0077928584,9.601264e-05,0.0,0.005054159,0.0052805375,0.005983051,0.0027324848,0.0,0.0,0.0036894155,0.003357648,0.0072126077,0.003587992,1.6738617e-05,0.0,0.0004765299,0.004139794
STAT5B,0.0073118676,0.005679648,0.00058253354,7.73736e-08,0.0,3.562137e-05,0.0,0.0,0.0,0.00014801991,4.647226e-05,0.0,0.0012051185,0.0,3.341111e-05,0.0,0.0060224836
STAT3,0.006045193,0.0002215807,0.0,0.0002688129,0.0042337654,0.0,0.0043274006,0.0,0.0,0.0,0.0,0.0,0.0,0.00054434023,4.4824617e-08,0.00032205044,0.005919323
MYC,0.0068923393,0.0,0.0105186775,3.616632e-05,0.0048240577,0.001327371,8.6719645e-08,0.00018374095,0.0,0.00013704368,2.9712099e-05,0.0,1.7594832e-05,0.0,1.2616428e-07,0.0,0.0029846404
FCER1G,0.00026453222,0.0,0.0006624146,0.0,0.00021066911,0.0,0.0,0.0,0.07130211,3.07916e-05,5.0962893e-07,0.0,0.0,0.0,0.0,0.0002987297,0.040873323
CCL5,0.0,0.00017079161,0.00021506203,0.0041099526,0.0065427753,0.0049828375,0.0037705195,0.06632728,2.4130628e-05,0.0,0.010590732,0.0072034798,0.0,0.0050741746,0.0,0.022715837,0.012810462
FASLG,0.0013350921,0.0,0.0010274033,0.002960513,0.0030512076,0.0034491858,0.0027750628,3.126211e-05,0.0,7.9852725e-06,0.0,0.0,0.00019703679,0.0,0.0,0.0,0.003900766
MAPK8,0.00666013,0.0,0.0,0.0064871185,0.00586492,0.0005611609,0.0005450984,8.8599365e-05,0.0,0.0015223627,0.0,0.0,0.001042285,0.0,0.00069356855,0.0,0.007694475
MYB,0.0,0.0,0.0,0.0031889179,0.005104713,0.000191039,4.62233e-06,2.4800815e-05,7.766516e-05,0.0,1.1831435e-05,0.0,3.5689864e-06,0.00027387138,5.6594754e-06,0.0,0.00456164
BIRC3,0.0,2.0224574e-05,0.0,0.0036354442,0.005673832,0.0013263446,2.0981435e-05,0.0,0.0,0.0,0.0,0.00028518846,0.0,0.0,0.0,0.0011623974,0.013738847
CD86,0.0,0.0,0.00014702139,1.7957377e-07,0.0,0.0,0.00976819,0.0,0.015680775,0.0,3.396558e-05,0.0010777594,2.5333802e-05,0.000978574,0.0,0.0,0.0047885366
CDKN2D,0.0,5.9449496e-05,0.0,0.0,0.0019631272,5.0154713e-06,0.0,0.0,0.0,0.0,0.00015189238,0.0,0.0,3.667326e-06,0.00045506848,0.0,0.004999605
SOCS1,0.008845887,1.3611754e-05,0.0,0.0063693486,0.005961436,0.00037955874,0.02202545,0.0,0.014183628,0.00055211375,3.913517e-06,1.0274471e-05,0.0008673392,0.00043949415,0.0,0.0008115113,0.013328903
MMP9,0.0,1.6001552e-06,0.0,0.008654646,0.0060756505,0.0,0.005718035,0.00065178995,2.2319358e-05,2.3040282e-05,1.896931e-05,0.0,0.0,5.618202e-07,0.0,0.0,0.0023495478
CEBPD,8.156914e-05,4.6001653e-05,1.9716974e-07,0.0,0.004604704,0.0,0.007535088,0.0015299045,0.0,0.0014719983,0.0,1.3459815e-05,0.0,0.0,2.5612148e-06,0.0,0.0053745476
SH2D1A,0.0,0.0013657165,0.0,1.1410421e-05,0.0029319213,0.00039814116,9.551956e-08,0.0,9.9903635e-05,0.0,0.0,0.0,0.00036173064,0.0,1.0797686e-05,0.0,0.0021264644
IL10,0.005113525,0.007409254,0.004650607,0.0070568593,0.008801727,0.0044762488,0.007060358,0.004757899,0.006061497,0.005127338,0.00020763677,0.0039803083,0.0,0.0,7.046172e-07,6.13385e-06,0.0013935422
CDKN1B,0.0,0.0089732185,0.0008447739,0.0,0.002212796,0.0002159131,0.003280286,0.0,0.0030697617,0.0054691574,0.0,0.00079291884,0.0,0.00028297724,0.005151575,0.0,0.004529715
CCND2,0.007880884,0.0051397793,0.0,1.5327741e-05,0.005513011,0.0,4.393179e-05,0.0,0.0,0.0010348997,0.0,5.5956567e-05,0.0,6.4723674e-05,0.0038565346,0.0,0.0048171757
MSR1,0.0006284624,0.0,0.0,0.00030055226,0.0,0.0,0.006672415,0.0,0.00097511796,0.0,0.00011671298,7.6441916e-07,0.0040578414,0.0,4.6629684e-05,0.0,0.009180736
BCL2,0.0055374424,0.0044607935,0.0,0.0017726865,0.0038651358,6.584953e-05,0.0,0.006185179,2.6684838e-06,1.1302038e-07,0.00030745586,0.0,0.0,6.207399e-06,0.0010277228,0.007221786,0.003509485
LCK,0.0,2.3642756e-06,1.4955061e-06,0.006716417,0.0,0.0,0.0,0.0,2.3806012e-06,1.5008884e-06,0.0,0.0,1.6788667e-07,7.059388e-05,0.0,0.0004516138,0.0034063251
ACAT1,0.0,0.0014304328,0.0,0.0,0.00022352595,0.0,0.0041168113,0.0,1.1543226e-06,0.00017335478,0.0,0.0,8.758778e-05,0.0,4.364673e-08,0.0,0.004635092
ACP5,0.0,0.00019988169,0.0,0.0003724239,0.0,0.0,3.6214074e-06,0.0,2.6448555e-07,0.0013460112,0.0005541119,0.0,0.0,3.1866693e-05,0.0,0.0,0.005557838
TNFSF11,0.0076545873,4.1167994e-05,5.669536e-06,0.0,0.0046035703,0.00084819796,0.00592395,0.0037545487,0.0058358405,0.0042169886,0.0,0.0,0.0,0.0008355639,0.0,0.0,0.001643649
SHC1,0.004501088,0.0009059461,0.00021837713,0.0,0.0,9.0111115e-07,0.0,0.0,2.193334e-05,0.00095690397,6.0781977e-06,0.0,0.0,9.8726505e-06,0.00071177655,1.6982456e-05,0.0012138736
PPIG,0.0,0.0021985404,0.00030100983,9.9554e-05,0.0,0.0,0.0,0.0,0.0,7.2760065e-07,0.0,9.255097e-05,0.0,0.00054784183,4.838187e-05,3.7323785e-05,0.0064089326
CTNND1,0.0,0.0,0.0,0.0062968256,0.0,0.0,0.0,1.8433837e-05,0.00012030885,0.00023934146,0.0,0.0,0.0,0.0,0.0,0.0,0.0025811575
CBL,6.7694045e-06,0.0,0.0,9.666209e-06,0.0,2.6864394e-05,0.000441861,0.0002528837,0.0,0.00021431754,0.0,0.0,0.0032174827,1.770233e-05,0.0,0.0,0.0040410897
CISH,0.0034722155,0.0041476823,0.0,0.0,0.003249714,7.4464694e-08,9.769876e-07,2.092432e-05,0.0020449816,0.0010759954,0.004066291,8.7938155e-05,0.0,0.0,0.0,0.0,0.005875182
LYZ,0.0,4.3561702e-08,0.0,0.008586372,0.0,0.0,0.0,0.0008354879,0.0,8.300281e-05,0.00075996184,0.0011177475,0.0,0.0,0.0011807132,7.1091024e-05,0.040758014
JUN,0.0014535186,0.0020177765,1.4349019e-05,0.0039969594,0.0,2.756831e-05,0.0022014321,0.0,1.4203712e-05,0.0007724246,0.0,0.0012981846,0.0065228734,0.0,0.00086532364,0.0,0.007087472
IFI27,0.0,0.0,0.0,0.0,2.8849017e-05,0.022559023,0.020889862,0.00015027143,0.0,0.00064992654,0.0,2.9903149e-05,0.0014618239,1.7740258e-05,0.0,0.0,0.011476395
PIK3R1,0.007339148,0.00022557835,0.0092174765,6.757606e-07,0.003934698,0.0,0.002834776,3.725917e-07,0.0,0.0,9.768466e-07,0.0,0.0,0.0,0.0,0.0,0.0057690297
PTPN2,0.0019556112,0.0,4.840586e-05,3.2239595e-07,0.004712778,0.0,0.0,0.0,9.0830275e-05,0.0,0.0,0.001328074,0.0,0.0,0.0,0.0007411211,0.003931576
SPI1,0.0010314516,0.0,0.00021884408,0.0,0.012189367,0.0004444403,2.0609792e-05,0.016213419,0.0,0.0052660396,0.0,0.0,0.0,3.0613476e-06,4.7879234e-07,0.00084397395,0.008652653
HBG1,2.6818468e-06,0.0,0.0,3.400669e-05,0.0067003015,0.00018854356,2.504065e-07,5.0969393e-05,0.0011886104,0.0,0.00043222884,0.0012347625,2.5875337e-05,6.7808614e-05,0.0,0.0007369373,0.0057635233
ECE1,6.203202e-05,0.001369306,0.0,3.7463283e-07,0.007721787,0.0,0.0,0.00086309825,8.186925e-06,0.0,0.00044708466,0.0,0.00066072226,0.0011911571,0.0,0.00030853372,0.0051775347
IRF7,0.0,0.00016626678,0.00047352747,0.0,1.4617334e-06,0.0005215679,0.012775805,0.00010016454,4.356027e-06,0.00013300084,0.020306507,6.569305e-06,0.0346663,0.0009964433,0.01914045,0.0,0.043344595
CCL2,0.03448811,0.00038434693,0.00015960734,0.035287023,0.03128358,0.0,0.0063500428,0.0,0.118786,0.0011226161,0.015592216,0.07036568,0.009598999,0.028767478,0.00012335704,1.2412668e-06,0.021401526
MMP7,0.0,0.00011203353,0.0008752174,0.00020037475,0.0039898576,5.9075686e-05,0.0040676515,0.00023912701,0.0013858919,0.0,0.0,0.0,0.00041194592,4.307736e-07,0.0,0.0,0.005840797
IFIT1,0.0,0.0,0.0,0.00070221786,0.0,0.0,0.03052122,1.7765663e-07,0.0,0.0,0.02373872,0.0004956181,0.0,0.0009578853,0.018178277,0.000108153035,0.06918325
FCER2,0.0,4.1567655e-05,0.0,0.0,0.0,4.330713e-05,0.0,0.0002621919,0.003668932,0.0025909762,2.534116e-05,6.0898274e-05,0.0011181354,7.8752404e-05,4.7878456e-07,2.9548468e-05,0.005669434
ACACA,0.0041450276,3.1482305e-05,0.0,0.0003978639,0.0037006396,2.2315176e-05,0.00087756786,0.0,0.0,0.0,1.0904771e-05,0.0,1.0826922e-06,0.00032707723,0.0,0.00091196503,0.002466541
CCNB1,8.841866e-05,0.0,0.0,0.0043617296,0.0,0.0005835102,0.0,0.0,0.0,0.005718587,0.0,0.0014511725,0.0,0.0,0.0,0.0,0.0037050124
CXCL9,0.0060911127,0.0048972173,0.0,0.0,0.0029678366,0.0,0.0048047127,0.00475947,0.0034434148,0.0035623328,0.0,0.0,2.766797e-06,0.0,0.0,0.0013239187,0.0042999894
RETNLB,0.0,0.00027949127,0.0,0.0,0.0,0.0,4.7187166e-07,0.00036828013,0.0069424016,0.0,0.0014478359,0.0,0.0,4.2014686e-05,1.5120129e-05,0.0,0.006649835
ISG15,0.0003610165,0.00014648483,0.0,0.0,0.0,0.00059037126,0.056401625,0.0013162487,0.0,1.4161931e-06,0.06339689,0.0,0.0,0.06474847,9.6052296e-05,0.0,0.1252645
S100A10,6.46224e-07,0.0,0.0,0.0,0.0,0.0,0.07489433,2.701363e-05,1.2363395e-05,0.00051106315,0.0,3.3597204e-05,0.0,0.0009545581,0.0004164457,0.00037819357,0.009410032
DPAGT1,0.0030451755,0.0063175736,0.0,4.6402074e-06,1.9503956e-05,2.9073233e-05,0.0,0.0,1.0470913e-05,0.0,6.883489e-06,0.0,0.0,0.0,0.00027355872,0.00013750936,0.0043955487
CD68,0.0008523363,0.0001740735,0.0,2.556058e-06,0.0,0.0,3.110435e-05,0.019585298,0.0,0.010612504,0.0,0.0,0.0,0.00015520913,1.4826274e-05,0.001468802,0.012851072
DLL1,0.004963438,1.0617945e-05,0.0,0.0,0.0005032158,0.0006741289,0.0,0.0,0.0,0.0,2.0920741e-05,0.0011044551,0.0,0.0012684072,1.2375992e-06,0.0,0.0050633503
EBF1,0.0029690445,0.0,9.667646e-07,7.611193e-05,0.0,0.00048250624,0.0,0.001341479,0.0015272178,0.0,0.0,0.0,1.35165055e-05,0.0,0.0,0.0,0.005491929
PAX5,0.0067539164,0.005549995,0.0004817069,0.0,0.0004370204,6.484367e-05,0.0,6.166857e-08,0.0,0.0005361914,7.6754965e-05,9.3152025e-08,0.0001391959,0.0,3.269613e-05,0.0,0.002128614
IFIT2,0.000372971,0.00058095297,1.3131044e-05,0.00019484876,0.0008368906,0.0,0.035243567,0.0,0.0,0.0,0.00311839,0.0,0.016733157,0.0,0.0,0.0,0.03950693
GAS1,0.004495778,0.0,0.0,0.0,0.0,0.0,8.328321e-08,0.0,0.0,0.0,0.0,9.303201e-06,0.00016622768,0.0,0.00029764132,0.0,0.0027368555
EIF2AK2,0.0,0.0009527199,0.0,0.0053219646,0.0009825941,0.0,0.012947002,0.0,0.0,0.0,0.0,0.001523453,0.0100623,0.0,0.0,0.0,0.022563517
PRKCA,1.9581215e-05,3.0019658e-07,0.0,0.0,0.0,0.002567879,0.0,4.6735313e-06,3.566153e-07,0.00019373329,0.005104211,5.9297236e-05,0.0013363048,0.0,0.0,0.00044086445,0.0038552403
MDM2,0.0,1.6034517e-05,2.758841e-06,3.201317e-05,3.2536902e-06,0.0006284848,0.0035610432,0.006611498,0.001073531,0.0001910699,0.0,0.0,0.0003638458,8.49054e-06,0.00036631402,0.0004270481,0.004367968
FAS,0.0,0.0,0.0,0.0,0.0030110162,0.0,0.0040095784,0.005218204,0.0,1.2714138e-06,0.00015887094,0.0,0.0,0.0,4.1619145e-07,0.0,0.00747248
IL2RA,0.0041014324,0.0022782297,0.005500196,0.0043910095,0.0026051048,0.0009798382,0.0034246626,0.0,1.8339071e-05,0.0,0.0,6.5274464e-05,0.0,0.0,0.0,6.658894e-05,0.00391366
PIM1,0.004411309,0.00024458097,0.0045327316,7.8697725e-05,0.0038626064,6.9808057e-06,0.0023578214,0.0,0.0,0.0011818697,0.0006942576,0.00084141124,0.00082288886,0.0,0.0,0.0,0.0038645728
TRH,0.0,2.8007784e-05,0.0014198619,0.00053618377,0.0026147217,0.0,0.0013709761,0.0,0.0012666833,0.0,0.0,0.0,2.2310938e-05,0.0,0.0,0.0,0.004300931
LAT,0.001112882,2.2462291e-07,0.0,0.0,0.0,0.0,0.009053311,0.0005070363,0.0,0.0,0.00095572055,0.0004647165,0.00039291702,0.0,0.0,1.9172669e-05,0.005492929
CASP8,0.0,1.7133798e-05,0.00068432104,0.004774038,0.00037457078,0.0029614004,0.005859416,0.0,2.5381644e-06,0.0,0.00079658936,0.0,3.9153592e-06,0.0,0.0004556704,5.4598153e-05,0.0031354434
ABCC2,1.557452e-06,0.0,0.0,3.9384577e-05,0.0003329842,0.0,0.0,0.0,3.7205325e-07,2.9302578e-06,0.0026306077,0.0,0.0,6.873619e-05,0.00026812835,4.977726e-05,0.004725829
IL1RN,0.0,0.0010974423,6.742085e-05,0.0,0.012842704,0.0011463269,3.162163e-07,0.0,0.074810974,0.0,0.0,0.0,0.0,0.0,0.0,5.6696103e-05,0.027454605
SREBF1,9.608724e-06,0.0,0.0,0.00075042923,0.00738261,0.0,0.0,0.0,1.930613e-07,0.000510242,0.0,2.0261564e-07,0.0,0.0011331699,0.0,0.0,0.00397464
TNFSF10,0.0,0.008872711,0.0,0.014468234,0.0,0.041705716,0.014450253,0.0,0.0,0.014323355,0.021052377,0.027552444,0.0,0.016039893,0.011409324,0.00017470501,0.032773342
PIAS1,1.14718805e-05,0.0,0.0,0.0,0.0,0.0,0.0030191562,0.0014864698,0.0,0.0,0.0015161615,0.0,0.00027145582,0.0,0.0,0.0,0.0034009488
IL12RB1,0.00065676926,0.0,0.0,0.0025762075,8.374895e-06,0.0,0.0,0.0,5.1693918e-05,1.7557784e-06,0.0031313917,0.0,0.0,0.0,0.0,2.135008e-06,0.004996637
NF1,0.0049728868,0.0,3.896745e-07,0.0013370023,0.0,0.0039666723,0.0,0.0013300914,0.0009952487,0.0014219424,0.0,0.0,0.0,1.0789495e-07,7.181938e-05,5.1213217e-05,0.0049962797
MAP2K5,1.0970024e-06,0.0,0.00083241455,0.0,0.0058507663,0.0,0.0,3.6384106e-05,2.7844095e-07,0.0001672841,0.0008566502,0.0,0.0006388092,0.0,0.0,3.7112946e-07,0.0050191926
TP53,0.0,1.0858045e-06,0.00021289707,0.0041115424,0.00358673,0.0,0.004476286,0.0055841827,0.0,9.189267e-05,0.004087427,0.0006086403,0.0,0.0,6.7253336e-06,0.0014935269,0.0016632297
CSF1,1.1620716e-06,4.865228e-06,0.0,0.0,0.00094797154,0.0,0.004344186,0.0,0.0005404203,0.0,0.0,0.0,2.0202156e-06,0.0,0.0,1.364768e-05,0.0007957683
HIF1A,0.0,0.0,0.0,0.0005626828,0.003538572,0.00010522662,0.0,0.0,0.0,0.0007125451,0.0,0.0,0.00081921107,0.0,0.0,0.0,0.0027048204
IGBP1,0.0,1.8704615e-07,0.0,0.0023980886,0.0,0.0,0.00010502111,0.0,4.841934e-05,0.0,0.0,0.00072871684,0.0,0.0,3.141621e-05,1.6415876e-06,0.0038436227
LITAF,2.3772611e-06,0.00061262614,0.00033110747,0.0,0.0,2.5438463e-05,0.0005939096,3.7355836e-05,0.0,0.0,0.0041000503,0.00076575496,3.233243e-07,4.7563153e-06,0.00036241,0.0,0.009662512
IL2RB,0.0,0.00013372969,0.00071030034,5.9135382e-05,0.0013690884,0.0,0.0,0.0011173992,0.00010127338,0.0,0.0033307332,0.0,0.0,0.0,0.0,0.00084623165,0.0057113566
PNP,0.00027387755,6.294514e-07,0.00065882463,3.0319756e-05,0.005370712,0.0,0.0,0.0,0.0,0.0,0.0,0.0,0.0,0.0,0.0,0.00016943683,0.0042010155
STAT4,0.0,0.0015294063,0.0038485054,0.0,9.40838e-05,0.0,0.00029250194,7.309552e-07,0.00871876,0.0,0.00078932673,9.86007e-06,0.0,1.2464473e-06,0.0,0.0,0.005073957
TBX21,2.282692e-06,0.0,0.003707145,0.0,0.0,0.0,0.0046186913,0.0,0.0,0.0002111834,5.1538427e-06,4.128093e-06,0.0005229287,0.00025857857,0.0,0.0,0.006058243
NCOA3,0.0,7.456893e-05,1.5787716e-06,0.0,0.0,0.0,2.3236848e-07,0.0026178057,0.0,1.1399527e-06,5.0839582e-05,0.00012281764,0.0014780362,0.00020109017,0.0,0.00024098258,0.005273009
CD3E,0.009683951,0.0,0.0,0.00096508657,0.0006702734,0.00040008227,4.2717602e-05,0.0,0.0,0.0,0.0,0.0002953261,3.6855937e-07,0.0,0.0,0.00014709015,0.0027260236
CD69,0.012760171,0.0,0.0,0.00014964106,0.0,0.0,0.01647034,0.00012783884,0.0,0.0,0.0,0.0,0.0,0.0,0.0,0.0,0.011190473
FGL2,0.0008941409,0.0014042677,0.0,0.0,4.8759175e-06,2.3449767e-05,0.008304382,0.0,4.909387e-07,0.001371286,0.0011096081,0.0,0.00025417254,0.0,0.0,8.9159126e-05,0.0153653035
STMN1,0.0,0.0,0.0,0.0,0.0036671627,5.855116e-07,0.0,0.0014193611,7.320636e-05,0.0,0.0013125081,0.0,0.0,0.0,6.327693e-07,0.0,0.0043155537
PROS1,0.0012981832,0.0,0.0,1.1389766e-05,0.0033756045,6.9960283e-06,0.00070886366,0.0005125125,0.00024488446,1.3454324e-07,0.0,0.0,0.0,0.0,0.0,0.0,0.0014503995
ACO1,0.0029305613,0.0,4.6264717e-07,0.0,0.0,3.0830845e-06,2.7180196e-05,6.292183e-05,8.919095e-07,6.637387e-05,0.00092070794,0.0,0.0001611875,0.0001103689,0.0,0.0,0.0042268443
IL18R1,0.002613054,0.000494821,0.0012769907,0.0,0.0,0.0,0.0,0.0006473978,0.0057937424,9.7168295e-06,0.0,0.0011933574,0.0,0.0,0.0,0.0,0.0041635265
TIMP1,0.0,0.00027210702,0.0006886874,0.0,0.04198959,0.0,0.12196732,2.1578094e-06,0.0,0.000557252,0.0,0.00042183706,1.24348835e-05,2.4786093e-06,0.0,0.0,0.018720485
CNR1,0.00011850845,0.0,3.3197314e-06,0.0,0.0003407137,1.339843e-06,0.0,0.0,0.004389142,0.0,0.0,0.0,1.1793687e-05,1.149593e-06,3.463112e-07,3.8901475e-05,0.006351182
CCL19,0.0,0.0,0.0,0.0047795554,0.0,0.0,0.0048175184,0.0011330073,0.0,0.0,0.005798668,0.0025022556,0.006339271,0.00467519,0.0055013844,0.0,0.0030287402
FOXP3,0.005188324,0.0,0.0,0.0015089012,0.0020924767,0.0,0.002953445,2.0362344e-05,0.0028418417,0.00084862096,3.921582e-05,0.0,0.0014488775,0.004292307,0.0012879025,0.00010379357,0.0059813177
CXCL11,0.00052617845,0.0,0.0,0.013845156,0.0066673895,0.021864468,0.041069508,0.0,0.00018461858,0.0,7.692779e-08,0.0,0.00048468154,7.39294e-07,0.0,0.0,0.019139592
IRF3,0.0,4.0877804e-08,0.0,0.0,0.0,4.167075e-07,8.202864e-05,0.0008509302,4.427682e-08,0.0021870818,0.0030138893,0.0,0.00017037745,0.0070603713,0.0,0.00050601177,0.0042930357
HSD17B1,7.1019776e-06,0.010202175,0.0014083172,0.0,0.0,0.0,0.0,0.0,0.0,0.00014816762,6.737323e-07,0.0010651355,0.0,0.0,0.00014865921,0.00061792793,0.00426112
CCL23,0.0,0.0,0.0,0.0,2.1021187e-06,0.0,1.4399057e-05,0.0,0.0035181653,0.0,0.0,8.7850625e-05,0.0,0.0,0.0,0.0,0.0050522517
CD74,0.0,7.758829e-05,0.0003014338,0.030727498,0.0,0.0,2.7601869e-05,0.0,1.0504025e-07,0.0,0.0,0.0,0.00049467117,3.780668e-07,0.0,1.0096128e-06,0.05629982
KRAS,0.0,0.0010644152,0.00054367306,4.4558206e-07,0.00023778937,0.00054012146,0.0,0.0,0.0034942955,0.0,0.0,0.0,1.2158721e-06,8.0063296e-07,5.3297197e-05,8.331585e-05,0.00596125
TLR7,0.0008549566,0.00012651895,0.0,0.0023945258,0.0008262325,3.3777353e-06,0.0,0.0,5.8408972e-05,0.0,9.770787e-07,3.7034446e-05,0.0,0.0,7.1847695e-05,5.1584866e-06,0.0030602056
IL27,0.0,0.00028092266,0.0,0.0061245547,0.0,0.0,0.0030549257,0.004484738,0.008550878,0.0,0.00559805,0.0,0.005855135,0.004798491,0.003967213,0.0,0.007044847
CHRNA1,0.0008768275,0.00047157874,0.0,0.0,0.0,0.0,0.00085440965,0.002474149,6.859829e-05,0.0,0.0,0.0,3.446487e-05,0.0007419876,9.591819e-08,0.0,0.0029521198
CD46,0.00057855906,9.039888e-05,1.3445626e-07,3.5278329e-06,0.004457768,0.00096193235,0.0,3.7241887e-06,0.0,0.0,0.0,0.0,2.5694882e-07,0.0010300688,4.6629437e-05,0.0013881333,0.0040028105
POLR2K,0.0,0.0,0.0,0.0042991755,0.0,0.00078130275,0.000651022,0.00045242367,0.0,3.1833682e-07,0.00022766713,0.0,0.0,0.00020459353,0.0,0.0010724679,0.0047514206
CDK4,0.00041656842,0.0,6.377578e-08,0.0053011863,0.0017769285,0.0,0.0,0.0,1.8317163e-05,0.0012169149,0.0035235642,5.2629307e-06,0.0,0.0,1.6967258e-06,0.0,0.0055494253
CD38,0.00030339282,1.305062e-07,0.0,0.0019342966,7.616592e-05,0.0,0.0011399278,0.0,0.0012737243,0.0,0.0,0.0,5.532069e-05,4.468775e-06,0.0010660853,4.9254627e-06,0.0066292454
TNFSF14,0.0,0.0,9.0409885e-05,9.017288e-05,1.5355242e-06,0.0029733877,0.0010593188,0.00039292345,7.5698874e-05,6.5985754e-05,0.0,0.0,0.00042799264,7.4030356e-07,0.0,0.0005593794,0.004019316
MDC1,0.0003305174,0.0,0.0,0.0,0.0058746473,0.000109612294,0.006706319,0.00077263534,0.0,5.14279e-05,0.0,0.00034099686,0.0013636047,0.0,0.0,0.0,0.0074227788
PFN1,0.0,1.2172706e-07,0.0,0.0,0.04987738,0.0,1.1292814e-06,0.0,0.0,0.00095639424,0.0,0.0,0.0,3.8665014e-05,0.0,0.000745614,0.097686365
TNFSF13B,0.0,5.965631e-06,0.0,0.015196274,0.0,0.0,0.01617241,0.022230344,1.112338e-06,0.0,0.0,0.0,0.0,0.0,0.00015746652,0.0013924127,0.019558964
CITED2,0.0035619598,0.0,0.0,0.0011243196,0.0,9.443227e-05,8.621859e-05,0.0,8.5166954e-05,0.0,0.0005729246,0.0,0.0,0.0014230711,0.0,7.523805e-05,0.008922877
HSPA8,0.039003365,0.0,6.945817e-05,6.834557e-05,1.3326355e-07,0.0,0.0,0.00042992824,0.0,3.457671e-05,0.0006367654,0.00038641048,0.0005199936,0.0,4.636069e-05,0.0006044205,0.092422426
AURKA,0.0053815944,0.0026754746,0.0014446245,4.6237892e-07,0.0,0.0,0.0,0.0,1.749455e-05,0.0,0.00038446608,3.5712884e-07,0.0,0.001238559,0.0,0.0,0.002957878
LGALS3BP,0.0006331889,0.0,0.0,0.0,0.0043080715,0.0,0.0,6.905205e-06,0.0,0.0,7.4746546e-05,0.0,7.6423075e-06,0.0,9.309261e-05,5.725536e-05,0.005514263
TBK1,8.801254e-05,0.0,0.00050966727,0.0,0.0,0.0,0.0,0.0,0.0,0.0,0.004099746,0.0,1.6950125e-05,0.0,0.0,0.0,0.002410837
CSF2,0.006574451,0.005452914,0.00695047,0.0,0.0,9.6246455e-05,0.0001962075,0.00090379466,0.00039051878,9.971353e-07,0.0,0.0,0.00030462028,7.336494e-08,0.0,0.0,0.004762485
ID2,0.017221266,0.000113021735,0.0,0.001303428,0.0,0.0,0.00023399568,0.00074492523,0.0,5.110707e-07,0.0,0.00014413943,0.0,0.0,0.0,0.0,0.0067224
GATA3,8.3591694e-05,0.0005081268,0.0,1.3427796e-06,0.0,0.0,0.0024766733,7.8658144e-05,0.0083346125,6.629968e-07,0.0,0.0,0.0,0.0005126797,0.0,0.0,0.00815124
IL23A,0.0,0.0015043459,0.00017450118,0.006675115,0.0038405063,0.0002224652,0.0,0.0,2.282068e-06,0.00311668,0.0046086563,0.0,0.0,0.0,0.0,8.287733e-06,0.0025157959
REL,5.7720905e-07,0.00028827233,6.7150875e-05,0.0,0.0059567015,0.0008409238,0.0014162444,0.0,0.0,0.0,0.0,0.0,0.0,5.7147474e-07,3.475413e-05,0.0009214679,0.0073063094
LCN2,0.0052050413,0.0068262205,0.0,0.0,0.0037002848,0.0,0.0063114087,0.0,0.00031961018,0.0015064104,4.1278905e-05,3.458752e-05,0.00031122396,0.0,1.519812e-05,0.0014145008,0.0026484318
CXCL10,0.0,0.0,0.0,0.037739784,0.013451525,0.022257043,0.042943817,0.0,0.00050450076,0.0,0.009544382,0.04067901,0.0,0.012145539,0.008592202,1.0812093e-05,0.03533981
CD200,0.0,0.0,0.0,0.0015501989,0.0,9.898774e-08,0.007867112,0.0006981172,0.0,0.0,0.0,0.0,1.3979063e-07,1.3935083e-06,8.179943e-06,0.0,0.004047946
LPIN1,0.00075174175,2.851764e-05,0.0,0.0,0.004470423,0.0010467772,0.000472529,0.0014649726,0.0010678128,0.0,2.961246e-07,0.00014955994,0.0009931977,6.793364e-05,0.00082534953,0.0,0.005199354
SOD2,0.0,0.0004603295,0.0,0.0012121189,0.035752866,0.00017893042,0.0,9.943649e-05,0.0,0.0,0.0,0.0005640027,0.0,0.00091073615,0.0,0.0,0.010577624
GFI1,0.006377885,0.0,0.00050096464,0.00020537016,0.00034648163,0.0,0.004609948,0.0,0.002778408,0.0,0.0,3.3213084e-07,0.0,3.4888947e-06,0.0,0.0,0.007400139
VCAM1,0.0003044318,0.0,0.0,0.0027143403,0.0,0.0027437736,0.0,1.8959932e-05,0.0027752898,0.0,0.0,6.7045846e-08,0.0,0.0010946747,0.0,0.0,0.003302149
CCND3,0.0053432803,0.0,7.037293e-05,0.0006121273,0.0039884057,0.0,2.7376855e-05,0.0,0.0005479745,0.0,1.3157961e-06,6.219977e-06,1.0579772e-06,0.0012584298,0.0,0.0,0.007904571
SOCS2,0.0033551534,0.0023298867,0.0,0.0029156718,0.0026391684,0.0,0.0027138197,0.0,0.0,0.0,0.0049566166,0.00048481932,0.00012814728,0.0,0.00046481518,0.0,0.0040008
FANCF,0.0009566001,0.0,0.000114492956,0.0,0.0,0.0002288173,0.0,0.003568067,0.0003807508,8.916756e-05,0.0,0.0,0.0,0.0,0.0005281962,0.0,0.004504098
NFATC1,0.0,0.0,1.4855185e-06,0.00011097054,0.0,0.0,0.0010591652,0.0,0.0051105656,6.392687e-05,0.0,0.000101604244,1.7196852e-06,0.00017456662,0.0,0.0,0.004773109
PDGFD,0.0,7.285253e-08,0.00081894104,0.0041158656,0.0002124727,0.00064928393,0.0,4.987444e-05,6.145426e-05,0.0,0.00041029966,0.0,0.0,1.2777369e-05,4.286181e-07,7.9139716e-07,0.0025994224
FAIM,0.00017533019,9.9995574e-05,0.0,0.0,0.0,6.499232e-05,0.0003570666,0.0,0.0015378271,0.005131755,0.0,3.358494e-05,0.0006398058,0.001344844,1.1603682e-07,1.2988066e-06,0.003525988
BBC3,0.0,0.00074958935,0.0004431928,0.005331347,0.0,0.00035440875,0.00039819727,1.1795736e-07,0.00026372308,0.00056520366,0.0,0.0,0.00033147293,0.0,0.0,0.0010406568,0.0042737178
AATF,8.0029014e-05,9.877032e-05,0.0,0.0,0.0034058713,0.0,0.0011602194,2.51818e-06,9.4202e-06,0.0002171183,0.0,0.0004022146,0.0,0.0,0.0,0.0007111201,0.005025849
CD79A,0.0007470717,0.0,0.0014952945,0.0009427679,0.0015325386,0.0,0.006105098,0.0,0.0014431028,0.0,0.0005413174,0.0,0.0,0.0,0.0,0.0013560911,0.0046241824
RUNX3,0.00024405445,0.0,0.0,0.0,0.0,0.0,0.008244308,0.0,0.0,0.007926179,3.358339e-05,0.0,2.9548468e-07,0.0,1.771215e-07,0.00017390915,0.0030422914
ABCB1,0.0069846367,1.1275908e-07,6.67297e-08,0.0,0.0028888707,0.0,0.007254826,0.0,0.0,0.000110871326,0.0,1.8422088e-06,0.0,0.0,0.00012234785,0.0,0.00316405
MLC1,7.87246e-08,0.0,0.00018924239,0.0,0.0,1.0468985e-07,0.004557801,0.00046405842,0.0,0.0,0.0014191222,0.00026092966,2.4269673e-05,0.0,3.7907826e-05,0.0006084127,0.003199587
BIRC2,0.0,2.6491198e-05,9.525275e-05,0.0001665468,0.0008606112,0.0,0.0037141773,0.0,1.256472e-05,0.0,0.0,0.0010614184,0.0,0.0,0.00038657465,0.0,0.010000323
FSCN1,0.0,0.0,0.00093396934,9.661995e-06,0.0035677461,2.9029517e-05,0.006125478,0.0,0.0008336537,0.0010849515,0.00026239347,0.0,0.0,0.0,0.00032007592,1.5572418e-06,0.007822312
IFIT3,0.0015364243,2.3963645e-05,2.671309e-06,0.04465656,0.0,2.3321461e-05,0.02432771,0.0,0.0,0.064702034,0.0,3.20016e-07,0.027469384,0.0,0.033391222,0.0,0.084079035
NR3C1,0.0052916175,0.0,2.3980134e-05,0.0,0.0021732508,0.0,5.7159406e-05,0.00091070344,0.0,0.0,8.0551985e-07,0.0,0.0014236108,0.0,1.6350004e-06,0.0,0.0033352869
EDN1,0.0,0.00042878394,0.0,0.00040847508,7.041132e-05,0.000232886,0.0067573874,0.0,0.0,0.00027028192,0.0,0.0,3.1795655e-05,0.0,0.0012178858,0.0010099678,0.005198759
RSAD2,0.0007959026,1.7429007e-05,5.212075e-08,0.006835667,4.207099e-05,0.0,3.5172063e-06,0.0,0.0,3.238178e-05,4.440015e-05,0.0,0.00011414639,0.0,0.0,6.288268e-07,0.042151384
SKP2,0.0,0.0,3.7200466e-06,0.000979292,0.0044114096,0.0,0.0060913092,1.3681444e-07,0.00013165048,2.9399398e-05,0.0,0.0007745161,0.0,0.0,0.0,0.0,0.0037531226
CCL3,0.0,0.0,0.0,0.001056866,0.00012104607,0.0,0.00440327,0.0,1.7113427e-05,0.019110901,0.008171765,0.025566138,0.00022287283,0.0066631893,3.443181e-05,1.2929096e-06,0.009337179
TRIM22,1.228941e-07,0.0,0.001298572,0.0021349676,0.0,0.0,4.0309802e-05,0.0,0.0005444016,0.00011211042,0.0,0.00040378622,1.41865185e-05,0.0,0.0,0.0,0.017215064
ITGA2B,0.0,0.0,0.0,0.0,0.0,0.008825193,0.0011462949,0.0004636543,0.0049511865,0.0,0.00011461766,0.0,1.2165088e-05,0.00077083445,0.0,0.0,0.003940491
CDK6,0.00018975559,0.0054429164,2.0398024e-06,0.0,0.0,0.00050938927,8.738447e-06,0.0,0.0003402362,0.0,1.7128815e-06,0.0,0.0,0.0,4.6890784e-07,0.0,0.004967018
RHOH,0.0087340465,0.00046711502,0.0002714402,0.0012050366,0.005432052,0.0,2.9025232e-05,1.0788743e-05,0.0,0.0,1.4079556e-07,3.870573e-05,0.0,3.607559e-05,0.0,0.0,0.0021671911
GNLY,0.13318485,0.0,0.0,0.0,0.0,0.0,0.0009951775,0.00042921834,0.00038268967,4.7463e-07,0.0006118252,0.0,0.0,3.0906776e-06,0.0,0.00015304874,0.032028403
UBE2G1,0.00021701345,0.0,0.0,5.5616016e-07,0.002072547,5.90038e-08,0.0,1.1303739e-05,0.0,0.0,0.0,0.0,2.3412522e-05,0.00073160324,0.0,0.0009202118,0.0030346697
IFI30,1.3008872e-06,0.0,2.9819107e-06,0.000297108,0.0,3.1139837e-06,0.014539296,6.0143384e-06,0.0005088379,9.6283504e-05,0.0,1.0083353e-05,0.0,1.9031873e-05,4.8827706e-06,0.0,0.0039705266
APOBEC3G,8.217941e-08,0.0,0.00070044375,0.0008122047,0.0,4.443717e-05,0.00097378757,0.0010062072,1.1051129e-05,0.011376509,0.00016248973,0.0,0.00023813966,2.6323985e-06,0.0,0.0,0.021967065
SPG7,0.0,0.0,0.0,0.006868019,0.00052270043,0.0,0.0,0.0,0.0,0.0,0.0,0.0,0.0003521138,0.0,0.0,0.0,0.005631469
SNCA,0.0,1.2492122e-05,0.0012511828,0.0,3.2340213e-05,4.6614725e-05,0.0,0.0,0.0,0.0014213064,9.797272e-05,0.0012579655,1.0321615e-07,0.0,0.0024443045,0.0,0.004941224
BATF,0.0,0.0008158352,0.0,0.0,0.0066565387,0.0,0.0,0.0,0.0062547037,9.889314e-05,0.0,0.0,0.00069101003,0.00023167157,0.0,0.00047966457,0.0044086347
MAD1L1,0.0,0.0,1.8361796e-06,0.00031238442,0.0021707648,0.00090102927,0.001188895,0.0,7.88506e-06,0.0,0.0,0.0,5.019928e-08,0.0,0.0,1.6115626e-05,0.00486355
IL24,0.00094581424,0.0,0.0015005396,0.0011825082,0.0,3.0853647e-07,0.0,0.0,0.0037698413,3.8313832e-05,0.0004911502,0.0,0.0,1.3347435e-05,0.0,0.0,0.005642254
TFRC,0.00712226,1.6757549e-06,2.5335688e-05,1.3048372e-05,0.0004445656,0.0013315832,0.0,2.0998004e-06,0.0001899397,1.0589075e-07,0.0,0.00017150147,0.0,5.177254e-05,4.9567598e-06,0.0,0.0019725983
CXCR4,0.0,0.0,7.5757634e-05,0.0,0.001082114,0.045911755,0.0,0.0,6.129902e-07,0.0015143875,0.0,0.0,1.4563991e-06,0.0,0.0015286583,4.5668672e-05,0.098301634
CTLA4,0.0,0.0,1.1584493e-05,2.4752742e-05,0.00034216527,0.0,0.0011698368,0.0014857051,0.0004958109,6.344769e-05,6.74485e-06,0.0,0.0,0.0,0.0,7.736174e-06,0.0046799886
QPCT,0.0034086166,0.0012375129,0.0,0.0,0.0,0.0,7.6838916e-07,0.0,0.0010287147,4.5516634e-05,0.0,0.0,1.0327807e-06,0.0,0.0,0.0004146642,0.0026043076
CD207,0.004006532,5.8121197e-05,0.0,0.0003758772,9.939073e-08,0.0,0.0,0.00013803996,2.8350645e-05,0.0,0.0,0.0,0.0,0.0,0.0,0.0,0.004122021
TICAM1,8.840679e-06,0.0,0.0,0.0,8.563785e-07,0.0,3.9353795e-06,0.0,0.0,0.0013109461,0.004624735,0.0,0.0003921826,0.0,0.0,0.0,0.0019941095
CAV1,0.0,0.00018701253,6.889474e-06,0.00020190899,0.0025768604,0.00012823852,0.0,0.0013329027,0.0,0.0,0.00013856424,0.0,0.0011812502,0.0007793136,0.0,2.5447173e-06,0.0059394366
FOXO1,0.000792964,0.0,0.0007004193,0.0,0.0034561472,0.0002783151,0.00051994144,8.7659356e-07,0.0,0.000801406,0.0,0.0,0.0,0.0,0.000837718,0.00019770207,0.0043405313
ICOS,0.0,0.0,0.0,0.0,0.0031284464,0.0,1.5586127e-05,2.4296447e-05,0.0026359973,0.0,0.0,0.0,0.0,7.651254e-05,0.0,0.0,0.0048341285
PMAIP1,0.00023287591,0.0,0.0,0.00767509,0.0,0.0,0.0,0.0,0.0011502957,0.0026841715,0.0013406362,0.0,0.0,0.0064124744,0.0,2.8920732e-07,0.006383782
C1QB,1.3798438e-06,0.0,0.0014544359,0.0,8.047835e-08,0.0,0.0046492466,0.00460672,0.0,2.140784e-06,4.9203834e-07,0.0,0.0003170255,7.4678515e-05,0.0,0.00017087035,0.0036538905
NFATC2,0.008694521,0.0,0.0,2.8583518e-05,0.0,0.000686786,0.00025055563,0.0,5.143442e-06,4.3600354e-05,0.0,0.0013332239,0.0,0.0012634901,3.934399e-06,0.0,0.0031066458
IFNAR1,0.0,3.1440424e-05,0.0,0.0,0.0031947615,0.0,0.0004960137,0.0,0.00027010002,0.0,0.0039691627,1.0467776e-06,0.0,0.0,0.0,0.0,0.0022673097
PRKCH,3.4600355e-06,0.0,0.00013542436,2.3191546e-06,0.0036158082,0.00054181134,4.6614987e-05,0.0010775733,0.0,0.0012090445,1.4333413e-07,0.000109338616,0.0014579964,0.0,1.8509094e-05,0.0,0.003223973
FKBP4,1.7775179e-05,0.0,0.0,1.0867814e-06,0.00045252853,0.0,0.0,0.0,0.00018453269,0.0035389483,0.0,0.0013851582,0.0,0.0,0.0,0.00022388532,0.0042641056
CCL20,0.00073508534,0.0003818389,0.0014942212,3.400921e-07,0.0044815456,0.0003741371,0.0,0.0,0.0,7.1956565e-06,0.0,0.0011817435,0.0007657892,0.0,4.0220652e-07,0.00012534605,0.0047700447
NT5E,0.0,0.0,0.0,0.0,0.0049698064,0.00068219093,0.0,3.063733e-05,6.2272675e-06,0.00046291194,0.0,7.612289e-05,0.0,3.9121027e-05,1.5208985e-05,4.4339635e-05,0.0035008034
IDO1,0.0,0.0,8.474125e-06,0.0091279745,0.0,2.1997944e-06,0.031211203,0.0,0.00014786745,0.0013939012,0.0,0.00073346694,0.0,0.0,4.521951e-06,0.0,0.016297515
GLS,0.0010300728,0.0,7.83625e-07,0.0007330841,0.00059057947,0.00053823704,0.007646185,7.385658e-05,0.0012793865,0.0006952718,0.0,0.0,0.0004898532,0.0,2.7047636e-06,4.2170483e-05,0.0025930193
IKZF1,0.0007169417,0.00029773376,0.0,0.0,0.000281695,0.000641215,1.7425726e-05,0.0048740134,0.00013271588,0.004128764,0.0,0.0041513643,0.0,0.0001094253,0.0,0.0,0.0036237543
AKAP12,0.000457275,0.00024361804,0.00016256451,0.0,0.0029863976,4.1589836e-05,0.0,3.8380203e-05,0.0,0.0,0.0,0.0,0.0,0.0,0.0,0.0,0.0027564387
PRKCQ,0.0,0.0,0.004756734,0.0010751976,0.0030077836,7.817102e-08,5.0234676e-06,0.0,0.002424478,0.0,1.9372808e-05,0.0,2.1405012e-05,5.2602856e-05,0.001179412,0.000457297,0.0043537356
RASD1,0.0,0.0036521552,0.00026060716,0.0,0.0005826485,0.0,0.0,0.00016813204,0.0,0.0,0.0014528475,0.0,5.832284e-08,0.0,0.0,0.0,0.0031693976
S100A4,0.0,0.0,0.074231565,1.8075123e-05,0.0,0.0,0.0,0.0,0.00026616236,0.0,0.0,0.0,8.537334e-06,5.018411e-05,0.00031215046,0.0,0.016299656
MKI67,0.0,0.0,0.0,0.0059375167,0.0,0.0,5.984919e-06,0.0005932197,0.0,1.1590329e-05,5.849191e-07,0.0,0.0,1.1168698e-05,1.0684774e-05,0.0001853825,0.0064819534
S100A9,0.0,0.0,0.00029358242,0.00042774016,0.013564935,0.0,0.0,0.0,0.0004297498,0.0015131264,2.7312624e-05,4.4322883e-07,0.000849764,0.0,0.00043933082,0.0,0.010692224
CXCL2,5.558129e-06,6.728229e-07,0.0,0.0,0.005896059,2.6072517e-05,0.0003121733,5.3152003e-06,0.0,0.0,0.0,0.0,0.0010196918,1.2764248e-05,0.0014384844,0.0,0.0078425845
PDCD1,0.0,0.0,8.095847e-07,0.0,3.591546e-07,0.0,1.5997892e-05,8.4304134e-05,0.0,0.0,0.0,0.00043937803,0.0,0.0,0.006732193,0.00026492632,0.006201427
SELL,0.0014021404,0.0,4.7543386e-07,0.009287324,0.0,7.838627e-06,0.0,0.00076331507,7.5806764e-07,1.0438306e-05,6.391888e-05,0.0,2.4436373e-05,0.0,0.0,0.0,0.04440524
CXCR6,0.0,0.00032368113,0.0,0.0,0.0022893834,0.0,0.0,0.0,0.0,0.0,0.0,6.5575273e-07,0.00064432307,0.0,0.0,0.0,0.006995407
CDK8,0.0,0.0,0.0,0.0,9.2763315e-05,1.5383732e-05,0.0086697955,2.2328262e-05,0.0,0.00029496234,0.0,0.0001787414,0.00022940473,0.0,0.0,0.0,0.0040065674
MCAT,0.00013012922,0.0,0.0,0.0,0.0033413603,0.0,2.1810469e-05,7.4666154e-08,0.0,0.0,0.0012626468,0.0008087388,4.9145525e-05,0.0,0.0,9.896699e-06,0.005872141
PTTG1,0.0030532235,0.0,7.588685e-06,7.889393e-06,0.004843941,1.4705759e-06,0.0013053128,0.0,0.0,0.0,5.0101124e-05,0.0,0.0,8.14903e-06,0.00013860578,0.0,0.0056572366
EZH2,0.00019259652,0.0,0.001449987,1.0121851e-06,0.0038905423,0.0,0.0,0.00065566605,0.00026805064,1.6761382e-07,6.225587e-06,0.0,0.00039271853,0.0,0.0,0.0,0.006083156
DAPK1,0.0015159162,4.1376737e-05,1.3762947e-06,0.0,0.0045772605,0.0,0.0,0.0,0.0,0.0,0.0012325032,2.1001651e-06,0.0,0.00097988,0.00011960058,1.7663243e-07,0.004778671
ORMDL3,0.0008801491,3.5428673e-06,0.0,0.0014057718,0.00021506203,0.0,0.0012316114,0.0015338218,0.003280254,0.00046951097,0.0,0.00097458804,0.0,1.257742e-06,0.00048582905,0.00023957822,0.004547766
NME1,0.0009072602,9.570546e-05,0.0,0.0,0.006030069,4.0345367e-05,0.0,0.00025972864,0.0,0.0,0.0,0.0,0.00049342884,0.0,0.0012008257,0.0,0.007884224
REST,0.0,0.0,0.0,0.00013112773,0.0,0.0,0.0034820028,0.0,0.0,1.5053078e-07,0.0,0.0012195267,0.0,1.9698244e-05,1.4242908e-05,0.0,0.0065824655
GADD45G,0.0,0.00084038347,0.0,0.0,0.006865597,0.0,0.0,9.3446106e-05,5.5554924e-06,0.0,0.0,6.2881454e-06,0.0,0.001025375,2.441506e-06,0.0014186405,0.004704895
OPTN,6.382272e-05,7.4937256e-05,0.0006303358,0.004695425,0.0,0.0011648472,0.0,0.0,0.000120961224,0.0,0.0,0.0008478766,3.9671195e-05,0.0,0.0,0.0,0.0051932815
RECK,0.0,0.0,0.0,0.0011434051,0.0038988632,0.0,0.0,0.0,0.0008601491,5.4037906e-07,0.0013152298,0.0,9.195765e-05,0.0003608738,0.0,0.0010315864,0.0028668449
IRF9,0.0009364743,0.00019678593,1.2362646e-05,1.3324783e-05,0.0,0.0,0.0035884294,0.0,0.0,0.0007894336,0.004563134,0.0,0.008031348,0.0,0.004173191,0.0,0.008521607
GADD45B,0.0,0.0,0.0,0.0,0.004441829,0.0,0.0,0.0,0.00036172167,0.0008765332,6.3257166e-06,0.0,0.0014537999,0.0,2.1697558e-06,0.0,0.010550866
CD8A,0.010810009,0.0,0.010107227,0.0,4.1550375e-05,0.00015110266,0.0,6.667765e-08,0.0,0.0,0.0,0.0,0.00049014005,0.0,0.0,0.0,0.006369997
EOMES,0.002645035,0.0,0.0,0.0,8.419713e-06,7.848636e-05,0.0,0.0,0.0,5.548198e-07,0.0,0.0,0.0,0.0,0.0,0.0,0.006790687
TERF1,0.0,0.0,0.0,0.0,0.004397983,0.0007886263,0.0015231862,1.7260115e-06,6.4398414e-06,0.0,0.0010869403,0.0,0.0,0.0001960181,0.0014458811,1.3887641e-05,0.0040043173
MIF,0.0,1.2512104e-05,1.8321433e-07,0.00020652034,0.0017212974,1.069822e-06,0.0003865781,0.0013575255,0.00023873142,0.0,0.0,0.00095908035,0.0,4.4319564e-05,0.000359925,0.0,0.0032076526
DPF3,0.0043719728,0.008742878,0.0006331671,0.0,0.00023202944,0.0,0.0,0.00010180061,0.0,0.0011117044,0.000158895,0.00010511097,7.871801e-08,1.6656737e-05,0.0,0.0,0.0065014027
FTO,0.0,0.0010221004,0.00022354865,0.0012179893,0.0035581952,0.00037763038,0.0,4.202512e-07,0.0,2.1020986e-05,0.0,0.0,6.524005e-06,0.0,0.0,0.0,0.0046410733
S100A11,1.0796185e-05,0.0006020863,0.0,0.0,0.0323545,0.0006451824,3.2644897e-07,0.00015758132,6.382245e-05,0.0005799406,0.0009881328,0.0,0.0,0.0,0.0007996985,0.0,0.026293386
LEF1,0.0111827105,0.0,0.0,1.0950946e-06,4.618858e-07,0.0,0.0,0.00048400514,0.0,0.0012016873,0.0012735291,0.0,0.0,0.00011469965,0.0,0.0,0.008965148
CLU,0.00015282872,0.0002565936,1.8107147e-07,0.0,0.0027867816,0.0,0.008451124,0.00010688129,0.0,0.0,0.0,0.0,8.388046e-06,0.0,0.0,0.00042761117,0.0025335494
SPP1,0.0,0.0,4.4884793e-08,0.0015296937,0.0,5.4708323e-08,9.653232e-06,7.688165e-08,6.4504806e-05,0.00034729167,0.00053950323,0.0022961593,0.0,6.769765e-05,0.00052655203,3.804937e-07,0.006034212
ZBTB20,0.000120761615,0.00015480703,6.463662e-05,0.00018444032,0.0,0.0,2.5079921e-06,0.0,0.0,0.005666853,1.9964302e-05,0.0,0.0,0.00093197264,0.00027659183,0.00024346489,0.0029757875
ARID5A,0.0,2.8840896e-06,0.001299156,0.0,0.0075701694,0.0,0.00011358663,0.0,2.439281e-07,9.864414e-05,0.0,0.0,0.00033743732,0.0,0.0010373711,0.00020360501,0.007885591
BCL2L11,0.0040389313,0.0,0.0,0.0,0.0,8.575235e-05,1.4066657e-06,0.0014789198,0.0,0.00019080682,0.0,0.0,7.225697e-05,0.0001778964,0.0,0.0,0.005785808
PRKCE,0.0,0.0,0.0,0.0,0.0,0.0,0.0021720617,9.109244e-05,0.0,0.0,0.0,0.00042768687,0.0,0.0,0.00011981113,0.0,0.0025520606
KLRK1,9.650383e-06,0.0,0.00082723546,4.4106752e-08,0.0035037578,0.0,0.00075349817,0.00019670404,0.0,0.0,0.0001926185,1.3221054e-06,3.1629745e-05,8.4611995e-05,0.00018967353,0.0,0.0043535405
GADD45A,0.0,0.0,0.0,0.0001556544,0.0,7.949224e-05,0.0032235496,0.0,0.00035508737,0.0,0.0,0.0,3.7120518e-07,0.0,0.000232959,9.705131e-05,0.005226155
HSD17B8,0.0,0.0073794257,0.0,0.0,0.0008915976,0.00033415915,3.759026e-06,1.5069281e-06,0.0,1.2881464e-05,5.8731234e-06,0.0,1.1051271e-05,0.0011385818,4.2215453e-07,0.0,0.0066945027
PARK7,3.2681724e-05,0.0,0.0,0.0,5.9636408e-05,0.0,0.011401138,0.0,0.0,3.0868243e-05,0.0,2.4508162e-07,0.0,0.0,0.0005785569,0.00035845343,0.0067094024
GBP1,4.9239672e-05,6.442776e-05,0.0007940902,0.00040709297,0.00041154076,4.509769e-05,0.018039694,7.082292e-06,0.00025154382,0.00055494724,8.058675e-06,0.001280864,0.0,0.0,0.00078792387,0.001519293,0.036300074
ODC1,0.0003991915,5.7111052e-08,0.001326684,0.0053663882,0.0,0.0,0.0,0.00014769215,0.0,0.0,6.198858e-05,0.0,6.802497e-06,0.0,0.00093691953,0.0,0.00660183
CYBB,0.0,1.7348908e-06,0.0,0.0026510553,0.009839685,0.007680096,0.0,0.0064889425,0.00084984495,0.0,0.00069760665,0.0,0.0,0.0,3.4372766e-05,0.0,0.007763481
IL4R,0.0,0.0,1.3239313e-07,0.0,2.2055845e-06,0.0,0.0,0.0,0.0020299766,2.5816516e-07,0.0,0.0,0.0,0.0,3.595632e-05,0.00087734946,0.0060122814
LTA,0.0021798895,0.0,0.007278905,0.0,1.8985573e-06,0.0011552472,0.0,0.0,0.0,0.0004271124,0.0,3.5243218e-05,0.0,2.0394466e-06,0.00030601484,6.387082e-05,0.0035020325
BLMH,0.0005099848,0.0,0.00021406746,0.0065418696,0.0,0.0026339712,0.0005010885,0.0006067676,0.0,0.0,3.2713368e-05,0.00017142098,2.3015406e-07,4.7710125e-07,0.0,0.0003410176,0.0026160735
CDKN2A,0.0,0.0,0.0,0.0,0.0,0.0,3.6160767e-05,7.257792e-05,0.0044651134,0.0,0.0,0.0,0.0,0.0,4.0561454e-07,0.0059053865,0.0054681716
ATF4,0.0,0.0,0.00011673261,1.1161736e-05,0.000797733,3.7013066e-05,0.0,7.43443e-08,5.6842257e-08,1.869279e-07,0.00010725056,0.0011131935,1.3179874e-05,0.0046158764,0.0,0.00023029947,0.00342977
ERAP2,0.0010563782,0.00046466262,0.0006648334,0.0037748395,0.0,0.005721027,0.00032207463,0.0,6.099634e-05,0.00096505776,0.0,0.000103408245,6.5088902e-06,0.00055653893,0.0,0.0009934913,0.0060635284
POLH,7.942411e-06,7.768341e-05,0.00019838862,0.0030164141,1.2485956e-05,1.0818303e-05,0.00016476019,7.3569085e-05,0.0004367847,2.1166616e-05,0.0,7.4566386e-05,0.0,0.0003777601,0.00038161487,0.0,0.006552491
PURA,0.00029406304,0.0,0.0003985634,3.8295362e-05,0.0,0.0,0.000463724,0.0005373907,9.083407e-07,3.3031492e-07,0.0032675746,0.0004434547,0.00095922075,1.9829606e-05,0.0,0.0,0.0055159223
MS4A1,0.0,1.9827565e-05,0.0,0.00019042994,8.82772e-08,0.0,0.0,0.0,0.0,0.004977909,0.0,0.0,8.6686205e-06,0.0010719317,0.0,0.0,0.0066118506
NCAM1,0.0010813533,0.0,3.7813847e-05,0.0,0.0007391471,0.0,0.0,0.0,0.0,0.0003591717,7.918879e-06,0.0,0.0,0.0,0.0050624297,2.656987e-05,0.0035939724
SP100,0.0,7.164576e-07,1.0558762e-05,5.1625524e-05,0.0,0.0013957807,0.0,0.0,0.0,3.025301e-07,0.00040893457,4.1342955e-06,0.0,0.0,0.0037648252,0.0,0.012989713
APP,4.324732e-05,0.0,0.0,0.0,0.0018211799,1.2158307e-05,0.0027998416,5.9993246e-05,0.000595584,0.0,0.0,0.00013609281,1.7541779e-05,0.0008681029,0.0006558766,0.0,0.0037019653
CCR1,0.0010582643,0.00049690873,0.000112135436,1.7502554e-06,4.825e-07,0.0,0.0078737,3.7948873e-06,0.0009299138,0.0,0.0014001285,0.0,6.732077e-07,0.0010795945,0.00020415064,0.0008758717,0.008514332
CD22,4.853238e-06,0.0,3.6153986e-05,0.0,0.0,0.0,0.0038810817,0.0,9.127672e-08,0.0,0.0010243349,0.00012233427,9.8914745e-05,0.0014880754,1.3894661e-05,0.00021583211,0.0010307807
CD40LG,0.0010262101,0.00021630517,0.0,0.0,0.00026038563,1.0477401e-05,0.0045543853,0.0008048164,0.00042365686,0.0,0.0,0.0,7.443512e-08,0.0,0.0,7.943105e-05,0.004494535
CTSB,0.0,0.0,0.0,7.214342e-05,0.00055384985,5.1857536e-05,0.016050568,0.0,0.0009968921,0.0014266587,0.0,0.0,0.0,0.00034361094,6.1703304e-07,0.00010694281,0.015672302
CTSL,0.0,0.0,0.0,2.8695097e-06,5.989603e-06,0.0,0.010983902,1.277102e-07,0.0,3.8809976e-05,0.00029104494,0.0,0.0,0.0,0.0,0.0,0.024362365
HMOX1,0.0,0.0,0.0,0.001178548,0.007168628,0.0,0.0072606606,0.0,0.0,0.0,0.00063256815,0.0,5.113369e-05,0.0,0.0,0.0,0.0080195
RCAN1,0.0,0.0,0.0008061982,0.0,0.00097546633,0.0014035082,0.0008714078,0.00020672193,0.0,0.0,0.0,0.0,0.0043838304,4.921682e-07,0.0,0.0,0.0047000535
CSRP1,0.0,0.0,0.0013198423,0.0,0.001400656,0.0,2.8604092e-05,0.0,0.0,0.00010503112,0.0,0.0,0.0,0.0,0.0002772799,0.00031983596,0.0039958935
DDIT3,3.5264006e-06,0.00012702036,0.0006584619,0.0004636123,0.0049871034,0.00028537452,0.00018158447,5.350475e-06,0.0,0.0011985207,7.5557065e-05,0.0,0.0,0.0,6.411757e-05,0.0,0.0030692914
F2R,0.0,2.6105172e-07,5.9985563e-05,4.791429e-05,0.004759287,0.0,0.0,0.0,0.0,0.0,2.8812508e-06,1.7753486e-05,0.00034694088,0.00083240686,0.0005158204,0.00014959041,0.0045142486
HSPB1,0.0007186103,0.011803778,0.0,0.0,0.008983846,0.0,0.0166495,0.00056595233,0.0,0.0008656578,0.0,0.00017667729,0.0,4.4838007e-06,0.0,0.0,0.0109058935
S1PR1,0.00032990676,0.0,0.0,0.0,0.0068539027,0.0,0.0,4.1274772e-05,0.0,8.4969656e-08,0.0,0.0,0.0,0.0,0.0010327788,0.0,0.007756658
UCP2,7.419546e-06,0.0,0.0,0.0002722505,0.0034648464,0.0,0.0004549046,0.0,0.0,0.0,0.0,0.0,0.0,4.3417484e-05,0.0,0.0,0.009543126
ALOX12,0.0,0.0,0.00040094595,0.0,0.0,7.205829e-07,0.0004192427,0.0,0.0044578537,0.0,0.0,3.9437987e-06,0.0002521092,0.0005374515,0.0,4.6068577e-05,0.0028115604
CYSLTR1,0.0003622593,0.0001950088,0.0004971452,0.00046816663,5.322882e-05,0.0,2.4581775e-06,0.0,0.003918523,2.1212938e-05,0.00020156163,0.0,0.0,0.0,0.0,0.0007715961,0.005340549
DUSP1,1.6870213e-07,1.7632121e-05,0.0,0.0,0.0,0.0,2.5337831e-05,0.0,0.023584874,0.0,0.0006590736,0.00020107915,0.0,0.0,0.0013514359,0.0,0.013644418
SIDT1,2.5631733e-05,0.00029278378,1.0742738e-05,0.0,0.0,0.00034965394,7.813201e-05,0.00048580888,0.0060099442,0.0,2.6363497e-05,0.0,0.0,0.0006378685,0.0,9.530017e-05,0.0033867604
EIF5B,7.604761e-06,0.0,0.0,0.00081006374,0.008201334,0.0,0.0,0.0,3.9683015e-05,0.0,8.22992e-05,0.00014659058,0.0,0.0,1.9531264e-05,0.0,0.003724205
IDE,0.0,0.0,0.0006861265,3.6148156e-06,0.006436865,0.0,0.0,0.00021416336,1.7180175e-06,3.521823e-05,5.645857e-05,3.6193072e-05,1.8313645e-05,2.3036423e-06,0.0,0.0,0.0028250625
IL6ST,0.0036708594,0.0025093944,7.000895e-05,0.0,0.0032512662,0.0,0.004510569,6.84872e-05,0.0,4.7090165e-05,0.0,0.0007668646,0.00014504495,0.0,0.0,1.9045337e-05,0.0034868584
MBD1,6.2026134e-05,0.00015098014,0.0,6.854025e-05,0.0063780122,0.00042142026,0.0,0.0,7.3879015e-08,0.0,0.0,0.0,0.0,0.0,0.0004782498,0.0,0.003391425
PTGER4,0.0,0.0,0.0,0.0,0.00429948,0.0,0.0010743414,0.0,2.3399052e-07,0.0,0.0,0.00097091065,0.0,0.00013538622,9.973715e-05,0.0014361602,0.0046287817
RNF149,0.0,0.0,0.00011794335,0.0,0.0028653396,0.0,0.0,0.0,0.0,0.0,0.0011075994,1.0370312e-07,0.0,0.0,1.229683e-07,6.0057985e-08,0.003067792
XBP1,4.2486695e-06,0.0006014068,0.0,0.0,0.0052432166,0.0,0.00022872708,0.0,0.0,0.0,1.1202895e-05,2.8350519e-06,0.00015728913,5.577231e-05,0.0009025095,0.000288622,0.01020017
CHORDC1,0.006295034,0.0029552842,0.0001889939,0.0,8.581294e-07,2.6459503e-07,0.0,5.468989e-07,4.6752895e-05,3.2556088e-06,1.8482647e-06,0.0012890127,0.00018173171,0.0,0.0,0.00066655024,0.005086786
GLUL,0.0085344035,0.0082913665,0.0,3.5032792e-06,0.00028987383,0.0,0.00033007917,7.533318e-07,0.0,0.0,0.0,0.00038449685,0.0,5.102331e-05,0.0,0.0,0.005707966
GRK5,0.0033082205,0.0016527562,0.0,5.2296724e-07,0.0,7.189175e-07,0.0,1.3567916e-07,1.2943329e-07,0.0,0.0,0.0,0.0002522658,0.00014022319,5.4409757e-06,0.0,0.0034900852
RGS16,0.0036243354,0.0013277683,0.00046654113,0.0,0.0,0.0,0.0,0.0,0.00038562954,0.00034744726,0.0,0.0,0.0,5.857947e-05,0.0,0.0010349329,0.0031082835
SSR3,0.010350692,0.0065790666,1.6544296e-06,0.0,0.0,0.000690376,0.0,0.0010815725,0.0,0.0,0.0,1.7381216e-06,0.0,1.1335527e-05,0.0,0.0013646556,0.014630511
TXNRD3,0.0036264625,0.0069935685,0.0,0.0,0.0,0.0,0.0,2.1407006e-05,0.00018286964,0.00020622501,0.0,0.0,0.0,0.0002000291,0.00018823358,0.0,0.0045756805
IFI6,0.000116991294,0.00064860244,0.0,1.217923e-05,0.00073244184,0.00059084344,0.060677752,0.0004836995,0.0,0.0,0.0,0.0,0.00017280366,0.0014833027,0.0,4.0260838e-07,0.10473196
IFITM1,9.566535e-06,0.0,0.0,0.0002604195,0.00025462706,0.0,0.013840565,9.211869e-07,0.0,3.158631e-05,0.000716465,0.0007364612,0.0,0.0,0.0,0.0012671759,0.0060833786
ISG20,0.0,0.0007612627,0.0,4.12566e-06,0.0,0.0014476458,0.071591705,0.00016645333,0.00039294278,0.00032287432,0.0,0.0003034912,0.0009897727,0.0,0.0,9.993606e-07,0.115341626
GBP5,0.0,0.0,0.00050269417,0.0032657192,0.0,0.0,0.0,0.0,0.0,4.674175e-05,1.2558556e-05,1.0734077e-06,0.00033333796,5.047065e-06,0.0,0.0,0.0071091033
MAFB,0.0012077667,0.00020202786,0.0,0.0005447392,0.011912723,4.719931e-05,0.0,6.0029124e-06,0.00048722173,0.0,0.0002798476,0.0007808761,0.0,0.0005731593,0.0,0.0,0.007071526
PIM2,0.009472753,0.0,0.0,7.602071e-05,0.0,4.611579e-06,0.00022741249,0.0,0.0,1.062138e-05,0.00012577497,0.00055500434,0.0,0.0,0.0,0.0,0.0011049677
DNMT3A,0.0046143937,0.0,1.000253e-06,0.0,0.0,0.0,0.0,0.00015813389,9.82147e-05,0.00080221536,0.0,0.00094957434,0.000120659606,0.000100192214,0.0,0.0,0.0056985007
HBB,0.0031174524,0.0,9.680443e-05,4.469527e-05,0.0011990608,0.0,0.0,0.0,3.13025e-07,9.623215e-06,0.0,6.6695156e-07,0.0,0.0,0.0,1.4053777e-06,0.0014097104
HBA2,0.002652546,2.2366852e-05,0.00046729515,0.0,0.00020101356,0.0,2.2391286e-07,0.0015082506,0.0011540201,0.0,0.0006504584,0.0,1.3520332e-07,7.361565e-06,0.0,2.630616e-06,0.0041825324
HSPA1A,0.00021022341,0.0,0.00016695206,0.0,0.0055976356,0.0,0.0,1.017007e-06,0.0,0.000116825955,0.0,0.0013713839,5.3929252e-05,3.8483604e-06,0.0,2.75039e-06,0.015693687
HSPA1B,0.0,0.0,0.0,8.30974e-07,0.0036218287,1.2364586e-07,0.0,4.79092e-05,0.0,0.0,0.0004350228,4.0496903e-07,0.0,0.0,1.6995229e-05,0.0,0.0042860303
CASP3,0.0,0.0,1.758377e-07,0.0,0.0051884777,0.0,0.00477273,0.0008462902,4.1200874e-05,0.0,5.216228e-05,4.7240388e-05,0.0,0.00090656814,1.392413e-06,0.0,0.0025302556
FBXO32,6.1084655e-05,0.0,0.00085712515,1.1506928e-06,0.0014359979,0.0,0.0,0.0003972805,0.0,6.74213e-05,0.0,0.0,0.0,0.0,0.0,0.0,0.006224408
TGFB2,0.0010131318,0.0014753605,9.669012e-06,0.0010525793,0.0,0.00069910596,0.0011047187,0.0028160466,0.0,0.0,0.0,0.0,0.0,0.0,0.0003727666,1.1325442e-05,0.002146582
CCL7,2.633593e-06,0.0003961234,4.5097746e-08,0.0,0.00038727056,0.0,0.0,9.471875e-06,0.090329915,0.0,0.0014538581,0.0,1.5251317e-07,0.0014558317,6.4986745e-07,0.0007006763,0.024688864
CCL13,0.001174407,2.0267764e-06,6.9296795e-05,0.0,8.792372e-05,0.00010136147,0.0,0.0,0.0044901473,9.713236e-08,0.0,0.00020881857,0.00029991244,9.734384e-05,0.0013692094,0.0,0.005327208
IL19,0.0,3.2356882e-06,0.0,0.00016395815,0.0001699883,0.0,7.358735e-07,0.00017616033,0.0027559865,2.2070667e-06,4.9016417e-05,0.00070695893,1.172255e-07,0.0,8.863211e-08,0.0,0.0073301853
CCL8,0.015063192,0.0007415695,0.00016633469,0.0,0.04106218,0.0,0.07166049,0.00032717607,0.19938383,0.0,0.00022210304,0.0002904797,4.9949096e-05,0.00028241746,0.0,0.00083233026,0.06413043
CASP9,0.0,0.0,0.0,0.003523313,0.0,0.0,0.0,0.0,7.5671655e-06,0.0,2.7016458e-07,3.220485e-06,0.0001666307,0.0008181179,0.0012787707,0.00019305445,0.006596958
C1R,0.0,3.7884143e-05,0.0,0.003604941,0.0,0.0,0.0,0.0,0.0,0.0,2.3572256e-05,3.019274e-07,0.0,0.0002072706,0.0,0.0,0.00249428
CXCL1,0.0,0.0,0.0014196673,0.0,0.0007487408,3.494315e-05,0.0,0.0,2.9394624e-07,0.0,0.0060578804,0.0,0.00020139538,0.0,0.0,0.0,0.0068853525
PTPN22,0.0,1.4195486e-05,0.0,0.0001870006,0.00014351841,4.4092963e-06,5.395121e-06,0.0,0.0,0.0,1.9057603e-05,0.004578125,3.6213876e-07,5.189101e-06,0.0,0.0013728385,0.003928242
CASP2,0.00039051916,0.0,3.4224404e-06,0.0006039387,0.0,0.0,0.0043691015,0.0,0.0001219572,0.0010797811,9.348542e-07,0.0,0.0,0.0,0.0014146154,0.0,0.0038460318
CD14,0.0,0.0,0.0013727775,0.0,0.0,0.00025111568,0.04507302,0.00045123597,0.00026805094,0.0,0.0,0.0,3.3027774e-07,0.0,0.0,0.0012597931,0.02060862
NCL,3.9329816e-06,0.0,0.0,0.00033431494,0.0,0.0,0.0051375586,0.00093528954,0.0,4.3748605e-05,0.0,0.00075031206,3.4614095e-05,0.00034189734,0.0,0.0012782176,0.0035344413
CH25H,0.0,0.0,2.4495337e-06,0.0,0.00017016439,0.00060094957,0.004891817,0.0,0.0,1.8512652e-05,0.00011968561,0.0,0.0,1.5382979e-05,1.4379803e-05,0.0,0.0044758744
APEX1,0.0,0.0,0.0,0.0,0.0061551714,0.0,0.0,0.0,0.0,2.745016e-07,0.00040420122,6.4434775e-05,0.0,0.0,3.6287122e-06,0.00014183139,0.0034725638
RALGDS,0.0008024667,0.0,2.090484e-06,0.0,0.004990728,5.183752e-05,0.0,0.0,0.0,0.0,0.0,0.0015133083,4.5079956e-05,0.0013908719,1.0317701e-07,7.3869273e-07,0.008201076
CST3,0.0,0.0,2.3631824e-06,0.0,0.0154042225,0.0,0.0,7.9926634e-05,0.00053666474,0.0,0.0,0.0,0.0,0.0,2.225777e-05,0.00014898214,0.019305445
RORC,1.2337433e-07,0.0,0.0,0.0004045564,0.004426777,4.571094e-06,0.00025635152,0.0,0.0,0.0,4.4423672e-05,0.0,0.0011137641,1.4845606e-05,0.0,0.0,0.0033870493
CD9,0.0,0.00010269652,0.00013455174,0.00013671987,0.0066646044,1.908404e-05,0.0,0.0,0.00018729859,0.0,3.0869462e-06,7.921726e-05,0.0010022569,0.0,3.554232e-07,0.0,0.0063368436
RGCC,0.00016068689,0.0,0.00032938123,0.0,0.009587367,0.00094762945,0.0,0.00023509677,3.210088e-05,2.2222961e-05,0.0014590707,0.0,7.7862063e-07,0.0,9.0584547e-07,0.0,0.010838625
ITGB2,1.6887532e-05,0.0,0.00035759422,0.0,0.0048819,1.5736023e-06,1.4177465e-05,0.0,0.0,4.4674867e-05,3.7834936e-05,1.7832708e-05,9.888703e-06,0.0,0.0,0.0,0.0060787294
ENO2,0.0,2.215666e-05,0.0008044729,0.0,0.0034235124,6.9897855e-05,0.0008302029,7.670391e-07,0.0,0.0010233435,0.00022943923,5.98304e-05,2.1977323e-06,0.0,0.0,0.0,0.0034048767
GABPA,0.0,0.0,0.0,0.0005188195,0.0031150803,0.0,0.0,0.0014561606,0.00089977705,0.00032353107,0.0,4.7724626e-08,0.0,0.0,0.00011910553,0.00056053547,0.0058865175
EED,9.239741e-06,0.0,0.00034936526,0.0005160893,0.00729287,0.0,0.0002445334,6.4676033e-06,0.0,2.9212276e-07,2.3355717e-06,0.0,8.320269e-06,0.0,0.0,0.0,0.0058871396
FASN,0.002550634,0.00014458994,0.0003879192,2.695025e-06,0.002103133,0.0,0.00021901155,0.0,0.0003278133,0.00020543882,2.000927e-06,0.0012992491,9.5099004e-08,0.0,0.0,0.0,0.0029319928
IL12RB2,4.4448876e-05,0.000101998856,0.004194334,0.0,0.0,0.0,0.0005117118,0.0009488435,0.0,0.00024013173,0.0,0.0,0.0,0.0,0.0,0.0,0.0037418061
AKR1C1,3.2732936e-07,0.0041733035,0.00026720628,0.0,0.0,8.638764e-05,0.00010635105,0.0,0.0,0.0003331397,0.0,2.1369627e-07,0.0,0.0,0.0,0.0,0.0049237646
IRS2,2.6020687e-05,6.134851e-05,3.7114803e-06,0.0,0.00012904638,0.0,7.974885e-06,0.0,0.004301147,0.0,2.092891e-07,0.0,0.0,0.0,0.0009968858,0.0,0.005585922
CCR4,0.0,1.6380934e-06,0.0010180869,0.0,0.0,0.0,0.00072287867,0.0,0.0067952424,0.0,0.0,0.0,0.0004212216,0.000158381,0.0,0.0,0.003880282
MICB,0.0,0.0,0.0,0.0,0.0040042815,0.00017853972,0.0,0.0,0.0,0.0008259292,2.0232173e-06,1.059048e-06,0.0,0.0,0.0,0.00014022618,0.004191733
EGR1,1.7380437e-06,0.000105614294,0.00050822744,0.0002768126,0.0031960427,0.0013579588,0.0,0.0,0.0,0.00044671813,0.0,3.251787e-05,2.306688e-06,0.0,1.9877389e-05,0.0011715414,0.003536194
STK35,0.0,0.0,0.0,0.0,0.006595857,0.0,0.0007357375,0.0,8.176427e-08,0.0010242581,1.0337493e-05,7.373853e-05,0.0006069859,0.0,0.00027639268,2.5119905e-05,0.0029928125
WWTR1,0.0,0.0,0.0,0.0,0.0034474626,2.1317199e-05,0.0013969134,0.0,0.0,0.0,0.0007036231,0.0,0.0003551756,3.5616308e-06,0.0,0.00090402755,0.0034240426
ANXA1,0.0,8.26499e-05,2.4155798e-07,2.5847483e-05,0.045664657,7.613508e-05,0.0,1.8391705e-05,0.0,1.0891732e-05,0.0,3.491916e-05,0.0,1.190834e-05,0.0,0.0,0.08867314
IGFBP2,4.4116423e-06,0.00045321067,0.0,0.0,0.0027807844,0.0,1.6952471e-07,0.0,0.00082443544,5.9428276e-06,0.0,4.4345936e-05,0.0,0.00084967335,0.0,0.0,0.005023271
POLR2H,8.449939e-06,0.0,0.0,0.0,0.0051323804,0.0011237434,0.0,0.0,0.0,1.3372314e-05,4.90008e-06,0.0,0.0,0.0,0.0,0.0008070473,0.0031046958
GPR146,0.000103513215,0.0,0.0,1.2753423e-05,0.0,0.00055022136,0.004611851,5.448067e-05,0.0,0.0,0.0017272927,0.0,1.5954032e-05,0.0,0.0,0.00057169894,0.00409819
AIM2,0.0,0.0009007378,0.0,0.0,0.0,0.0,0.008886377,0.0,0.00015244243,0.0,0.0,0.0,0.0,0.0011280719,0.0,0.0,0.0040907757
ATG4C,0.0,0.0,1.139449e-05,1.4185482e-05,0.0,0.00051308644,0.0047442527,0.0,6.8012756e-05,0.0,0.0,2.1095582e-05,0.0,0.0011404302,0.00045415937,0.0,0.009860556
CREM,0.0,0.0,0.00013481722,0.0,0.0013654111,0.0007616235,0.01230692,0.00026585616,0.0,0.0008996889,0.0,0.0,0.001192412,0.0,0.0,0.0001000403,0.017023917
DCLRE1C,5.3769953e-05,0.0,0.0,3.0168156e-05,4.4203192e-05,0.0,0.0045070113,0.0013357569,0.0014031485,0.0,7.7534025e-07,0.0005323467,2.3367964e-05,0.0,0.0008998731,0.00062514417,0.0050060647
DDX50,0.0,0.0,0.0,0.000112761234,1.1047757e-06,0.00065343437,0.00503125,0.0,0.0,0.0,0.0006193629,0.0,0.0,4.209743e-06,0.0,0.001181302,0.008004702
DIMT1,0.0,9.96288e-07,0.0,1.6508082e-07,3.5775215e-06,0.0,0.0016237042,0.0,2.7493155e-05,0.0010179223,3.286343e-05,0.0,5.4566203e-06,1.4721589e-05,0.0009837083,0.0,0.005055938
GSTK1,4.8243595e-07,0.0,0.0,0.0,0.0,0.00019645652,0.005906039,0.0,0.0,0.0,3.873038e-06,0.0009492353,0.00033130625,7.664233e-08,0.0,0.0,0.005048192
INO80,0.0,2.146132e-06,0.0,0.000107440246,0.0,0.0,0.0065329536,1.9974755e-06,0.0,0.00021949738,0.0,5.5493594e-05,0.0013339134,0.0,0.0,0.0,0.004972821
KIF2A,0.0,0.0,0.0,0.0,2.0379864e-06,0.0010720573,0.0018734297,0.00021732904,3.8137565e-05,0.0,0.00015613818,0.0,0.0,0.0,0.0,0.0,0.0036950978
MAN1A1,0.0,0.0,1.6308144e-05,0.0,6.368281e-05,5.7022993e-05,0.0026844873,0.000112002075,0.0,0.0,0.001152553,0.00089547597,0.00017497156,0.0,0.0,0.0,0.004476053
MED16,7.7508e-06,0.0,0.0,0.0,0.00011280576,0.0,0.008949863,0.0,0.0,0.0,0.00039698664,0.00053483667,0.00036269284,1.9633697e-05,0.00062866864,5.734252e-07,0.007654686
MTMR9,0.0007560831,0.0,0.00036693687,0.00021802279,0.00016732755,1.617504e-06,0.0050271875,0.0,0.001408542,0.00033813095,0.0,7.676793e-05,0.0,0.0,0.0,0.00034547332,0.0042620148
PPIP5K2,0.0,0.0,0.0,0.0,0.0,0.00030092886,0.0022318377,0.00035837275,0.0,0.0,0.0007290921,1.1269033e-05,0.0004863828,0.0,3.4456835e-07,0.00021686628,0.0036783386
PWP2,0.00093862985,0.0,0.0005774327,0.0,0.000837611,1.9017247e-05,0.0056346734,0.0014081405,0.00037620557,0.0,0.0,0.00018648458,0.000272365,0.0,9.641771e-08,2.0388772e-05,0.0035882895
SEMA4B,7.2366474e-06,0.0,0.0,0.0,0.0,0.0,0.0058047636,1.0172914e-07,0.0,0.0008982064,0.0007002492,2.9993062e-06,0.0,7.5942057e-06,0.0,5.4194006e-05,0.002856042
SNRNP27,5.2894316e-05,0.0,0.0,0.0,0.0,0.0,0.007491363,0.0,0.00016718674,0.0,0.0,0.0014361362,0.0,0.00048528792,0.0,0.0,0.0024663655
UBR1,0.00017499567,1.1662489e-05,0.0,0.0,0.0,8.5018946e-05,0.005245746,0.0,0.0,0.0002117691,2.7050608e-06,2.6505613e-05,0.00032510434,0.0,0.0009847666,0.0,0.0042509404
ZC3HAV1,0.0011645656,0.0,0.0,1.4734434e-06,0.0,0.0,0.0049680704,0.0,0.0,0.0,0.0,0.0,0.00080691307,0.0,0.0,0.00032130937,0.008266322
ZNF181,0.0,0.0,0.00035210216,0.0,1.1443594e-06,0.0,0.004121198,0.0,0.00038190986,0.0,8.790545e-07,0.0,0.00037999306,0.0,0.0,0.0,0.0027432495
ZNF230,6.753988e-05,0.0,0.0,1.3613256e-06,0.0,0.0,0.0035405094,0.0,0.0,8.4155345e-06,3.42419e-05,5.3763943e-06,0.0,0.0,0.0,0.00020062174,0.0045291767
ZNF302,0.00018991428,5.353507e-06,1.2796505e-05,5.274626e-07,0.0,0.0,0.007722527,2.1169797e-05,0.0,6.140234e-05,0.0,0.00010202495,0.0,0.0,0.0,0.0,0.003272492
ZNF655,0.0,0.0,0.00086432486,4.2641275e-08,0.0,0.0,0.009139641,0.0,0.0010981386,5.7243205e-06,0.0,0.0,0.0010305702,0.0007810756,0.0,0.00025832056,0.0049494295
